file_name,vocab,speaker
five/cce7416f_nohash_4.wav,five,cce7416f
five/cce7416f_nohash_5.wav,five,cce7416f
five/cce7416f_nohash_1.wav,five,cce7416f
five/cce7416f_nohash_2.wav,five,cce7416f
five/cce7416f_nohash_3.wav,five,cce7416f
five/25e95412_nohash_5.wav,five,25e95412
five/25e95412_nohash_1.wav,five,25e95412
five/25e95412_nohash_3.wav,five,25e95412
five/25e95412_nohash_4.wav,five,25e95412
five/25e95412_nohash_0.wav,five,25e95412
five/c1e0e8e3_nohash_1.wav,five,c1e0e8e3
five/c1e0e8e3_nohash_3.wav,five,c1e0e8e3
five/c1e0e8e3_nohash_4.wav,five,c1e0e8e3
five/c1e0e8e3_nohash_2.wav,five,c1e0e8e3
five/c1e0e8e3_nohash_0.wav,five,c1e0e8e3
five/2aca1e72_nohash_7.wav,five,2aca1e72
five/2aca1e72_nohash_5.wav,five,2aca1e72
five/2aca1e72_nohash_6.wav,five,2aca1e72
five/2aca1e72_nohash_3.wav,five,2aca1e72
five/2aca1e72_nohash_4.wav,five,2aca1e72
five/617de221_nohash_0.wav,five,617de221
five/617de221_nohash_3.wav,five,617de221
five/617de221_nohash_4.wav,five,617de221
five/617de221_nohash_1.wav,five,617de221
five/617de221_nohash_2.wav,five,617de221
five/964e8cfd_nohash_2.wav,five,964e8cfd
five/964e8cfd_nohash_3.wav,five,964e8cfd
five/964e8cfd_nohash_4.wav,five,964e8cfd
five/964e8cfd_nohash_0.wav,five,964e8cfd
five/964e8cfd_nohash_1.wav,five,964e8cfd
five/8134f43f_nohash_0.wav,five,8134f43f
five/8134f43f_nohash_4.wav,five,8134f43f
five/8134f43f_nohash_1.wav,five,8134f43f
five/8134f43f_nohash_3.wav,five,8134f43f
five/8134f43f_nohash_2.wav,five,8134f43f
five/1b4c9b89_nohash_3.wav,five,1b4c9b89
five/1b4c9b89_nohash_4.wav,five,1b4c9b89
five/1b4c9b89_nohash_1.wav,five,1b4c9b89
five/1b4c9b89_nohash_2.wav,five,1b4c9b89
five/1b4c9b89_nohash_0.wav,five,1b4c9b89
five/57152045_nohash_3.wav,five,57152045
five/57152045_nohash_1.wav,five,57152045
five/57152045_nohash_4.wav,five,57152045
five/57152045_nohash_2.wav,five,57152045
five/57152045_nohash_0.wav,five,57152045
five/b69002d4_nohash_0.wav,five,b69002d4
five/b69002d4_nohash_1.wav,five,b69002d4
five/b69002d4_nohash_2.wav,five,b69002d4
five/b69002d4_nohash_3.wav,five,b69002d4
five/b69002d4_nohash_4.wav,five,b69002d4
five/5ebc1cda_nohash_4.wav,five,5ebc1cda
five/5ebc1cda_nohash_0.wav,five,5ebc1cda
five/5ebc1cda_nohash_1.wav,five,5ebc1cda
five/5ebc1cda_nohash_3.wav,five,5ebc1cda
five/5ebc1cda_nohash_6.wav,five,5ebc1cda
five/de3fe344_nohash_4.wav,five,de3fe344
five/de3fe344_nohash_1.wav,five,de3fe344
five/de3fe344_nohash_2.wav,five,de3fe344
five/de3fe344_nohash_0.wav,five,de3fe344
five/de3fe344_nohash_3.wav,five,de3fe344
five/c79159aa_nohash_2.wav,five,c79159aa
five/c79159aa_nohash_4.wav,five,c79159aa
five/c79159aa_nohash_3.wav,five,c79159aa
five/c79159aa_nohash_0.wav,five,c79159aa
five/c79159aa_nohash_1.wav,five,c79159aa
five/8e05039f_nohash_2.wav,five,8e05039f
five/8e05039f_nohash_1.wav,five,8e05039f
five/8e05039f_nohash_3.wav,five,8e05039f
five/8e05039f_nohash_0.wav,five,8e05039f
five/8e05039f_nohash_4.wav,five,8e05039f
five/e1469561_nohash_2.wav,five,e1469561
five/e1469561_nohash_4.wav,five,e1469561
five/e1469561_nohash_1.wav,five,e1469561
five/e1469561_nohash_3.wav,five,e1469561
five/e1469561_nohash_0.wav,five,e1469561
five/b97c9f77_nohash_3.wav,five,b97c9f77
five/b97c9f77_nohash_1.wav,five,b97c9f77
five/b97c9f77_nohash_4.wav,five,b97c9f77
five/b97c9f77_nohash_2.wav,five,b97c9f77
five/b97c9f77_nohash_0.wav,five,b97c9f77
five/56eb74ae_nohash_0.wav,five,56eb74ae
five/56eb74ae_nohash_2.wav,five,56eb74ae
five/56eb74ae_nohash_4.wav,five,56eb74ae
five/56eb74ae_nohash_1.wav,five,56eb74ae
five/56eb74ae_nohash_3.wav,five,56eb74ae
five/ddedba85_nohash_0.wav,five,ddedba85
five/ddedba85_nohash_1.wav,five,ddedba85
five/ddedba85_nohash_4.wav,five,ddedba85
five/ddedba85_nohash_6.wav,five,ddedba85
five/ddedba85_nohash_2.wav,five,ddedba85
five/893705bb_nohash_7.wav,five,893705bb
five/893705bb_nohash_5.wav,five,893705bb
five/893705bb_nohash_4.wav,five,893705bb
five/893705bb_nohash_9.wav,five,893705bb
five/893705bb_nohash_0.wav,five,893705bb
five/b66f4f93_nohash_6.wav,five,b66f4f93
five/b66f4f93_nohash_2.wav,five,b66f4f93
five/b66f4f93_nohash_4.wav,five,b66f4f93
five/b66f4f93_nohash_0.wav,five,b66f4f93
five/b66f4f93_nohash_5.wav,five,b66f4f93
five/fa57ab3b_nohash_3.wav,five,fa57ab3b
five/fa57ab3b_nohash_2.wav,five,fa57ab3b
five/fa57ab3b_nohash_0.wav,five,fa57ab3b
five/fa57ab3b_nohash_4.wav,five,fa57ab3b
five/fa57ab3b_nohash_1.wav,five,fa57ab3b
five/c22d3f18_nohash_2.wav,five,c22d3f18
five/c22d3f18_nohash_1.wav,five,c22d3f18
five/c22d3f18_nohash_0.wav,five,c22d3f18
five/c22d3f18_nohash_3.wav,five,c22d3f18
five/c22d3f18_nohash_4.wav,five,c22d3f18
five/324210dd_nohash_0.wav,five,324210dd
five/324210dd_nohash_3.wav,five,324210dd
five/324210dd_nohash_4.wav,five,324210dd
five/324210dd_nohash_2.wav,five,324210dd
five/324210dd_nohash_1.wav,five,324210dd
five/24befdb3_nohash_1.wav,five,24befdb3
five/24befdb3_nohash_2.wav,five,24befdb3
five/24befdb3_nohash_3.wav,five,24befdb3
five/24befdb3_nohash_0.wav,five,24befdb3
five/24befdb3_nohash_4.wav,five,24befdb3
five/b5cf6ea8_nohash_2.wav,five,b5cf6ea8
five/b5cf6ea8_nohash_5.wav,five,b5cf6ea8
five/b5cf6ea8_nohash_10.wav,five,b5cf6ea8
five/b5cf6ea8_nohash_7.wav,five,b5cf6ea8
five/b5cf6ea8_nohash_4.wav,five,b5cf6ea8
five/28e47b1a_nohash_4.wav,five,28e47b1a
five/28e47b1a_nohash_2.wav,five,28e47b1a
five/28e47b1a_nohash_3.wav,five,28e47b1a
five/28e47b1a_nohash_0.wav,five,28e47b1a
five/28e47b1a_nohash_1.wav,five,28e47b1a
five/cd7f8c1b_nohash_1.wav,five,cd7f8c1b
five/cd7f8c1b_nohash_0.wav,five,cd7f8c1b
five/cd7f8c1b_nohash_4.wav,five,cd7f8c1b
five/cd7f8c1b_nohash_2.wav,five,cd7f8c1b
five/cd7f8c1b_nohash_3.wav,five,cd7f8c1b
five/21832144_nohash_0.wav,five,21832144
five/21832144_nohash_2.wav,five,21832144
five/21832144_nohash_4.wav,five,21832144
five/21832144_nohash_3.wav,five,21832144
five/21832144_nohash_1.wav,five,21832144
five/72242187_nohash_0.wav,five,72242187
five/72242187_nohash_2.wav,five,72242187
five/72242187_nohash_4.wav,five,72242187
five/72242187_nohash_3.wav,five,72242187
five/72242187_nohash_1.wav,five,72242187
five/5b09db89_nohash_2.wav,five,5b09db89
five/5b09db89_nohash_1.wav,five,5b09db89
five/5b09db89_nohash_4.wav,five,5b09db89
five/5b09db89_nohash_3.wav,five,5b09db89
five/5b09db89_nohash_0.wav,five,5b09db89
five/c1d39ce8_nohash_4.wav,five,c1d39ce8
five/c1d39ce8_nohash_7.wav,five,c1d39ce8
five/c1d39ce8_nohash_5.wav,five,c1d39ce8
five/c1d39ce8_nohash_3.wav,five,c1d39ce8
five/c1d39ce8_nohash_6.wav,five,c1d39ce8
five/179a61b7_nohash_1.wav,five,179a61b7
five/179a61b7_nohash_0.wav,five,179a61b7
five/179a61b7_nohash_4.wav,five,179a61b7
five/179a61b7_nohash_3.wav,five,179a61b7
five/179a61b7_nohash_2.wav,five,179a61b7
five/229978fd_nohash_0.wav,five,229978fd
five/229978fd_nohash_3.wav,five,229978fd
five/229978fd_nohash_4.wav,five,229978fd
five/229978fd_nohash_1.wav,five,229978fd
five/229978fd_nohash_2.wav,five,229978fd
five/ef3367d9_nohash_3.wav,five,ef3367d9
five/ef3367d9_nohash_4.wav,five,ef3367d9
five/ef3367d9_nohash_2.wav,five,ef3367d9
five/ef3367d9_nohash_0.wav,five,ef3367d9
five/ef3367d9_nohash_6.wav,five,ef3367d9
five/f822b9bf_nohash_4.wav,five,f822b9bf
five/f822b9bf_nohash_2.wav,five,f822b9bf
five/f822b9bf_nohash_3.wav,five,f822b9bf
five/f822b9bf_nohash_1.wav,five,f822b9bf
five/f822b9bf_nohash_0.wav,five,f822b9bf
five/eb0676ec_nohash_2.wav,five,eb0676ec
five/eb0676ec_nohash_0.wav,five,eb0676ec
five/eb0676ec_nohash_3.wav,five,eb0676ec
five/eb0676ec_nohash_1.wav,five,eb0676ec
five/eb0676ec_nohash_4.wav,five,eb0676ec
five/4c6167ca_nohash_0.wav,five,4c6167ca
five/4c6167ca_nohash_3.wav,five,4c6167ca
five/4c6167ca_nohash_1.wav,five,4c6167ca
five/4c6167ca_nohash_2.wav,five,4c6167ca
five/4c6167ca_nohash_4.wav,five,4c6167ca
four/cce7416f_nohash_5.wav,four,cce7416f
four/cce7416f_nohash_1.wav,four,cce7416f
four/cce7416f_nohash_3.wav,four,cce7416f
four/cce7416f_nohash_6.wav,four,cce7416f
four/cce7416f_nohash_0.wav,four,cce7416f
four/25e95412_nohash_2.wav,four,25e95412
four/25e95412_nohash_0.wav,four,25e95412
four/25e95412_nohash_4.wav,four,25e95412
four/25e95412_nohash_3.wav,four,25e95412
four/25e95412_nohash_1.wav,four,25e95412
four/c1e0e8e3_nohash_2.wav,four,c1e0e8e3
four/c1e0e8e3_nohash_3.wav,four,c1e0e8e3
four/c1e0e8e3_nohash_0.wav,four,c1e0e8e3
four/c1e0e8e3_nohash_4.wav,four,c1e0e8e3
four/c1e0e8e3_nohash_1.wav,four,c1e0e8e3
four/2aca1e72_nohash_6.wav,four,2aca1e72
four/2aca1e72_nohash_5.wav,four,2aca1e72
four/2aca1e72_nohash_3.wav,four,2aca1e72
four/2aca1e72_nohash_0.wav,four,2aca1e72
four/2aca1e72_nohash_1.wav,four,2aca1e72
four/617de221_nohash_0.wav,four,617de221
four/617de221_nohash_1.wav,four,617de221
four/617de221_nohash_3.wav,four,617de221
four/617de221_nohash_2.wav,four,617de221
four/617de221_nohash_4.wav,four,617de221
four/964e8cfd_nohash_4.wav,four,964e8cfd
four/964e8cfd_nohash_1.wav,four,964e8cfd
four/964e8cfd_nohash_0.wav,four,964e8cfd
four/964e8cfd_nohash_3.wav,four,964e8cfd
four/964e8cfd_nohash_2.wav,four,964e8cfd
four/8134f43f_nohash_3.wav,four,8134f43f
four/8134f43f_nohash_0.wav,four,8134f43f
four/8134f43f_nohash_4.wav,four,8134f43f
four/8134f43f_nohash_2.wav,four,8134f43f
four/8134f43f_nohash_1.wav,four,8134f43f
four/1b4c9b89_nohash_0.wav,four,1b4c9b89
four/1b4c9b89_nohash_2.wav,four,1b4c9b89
four/1b4c9b89_nohash_4.wav,four,1b4c9b89
four/1b4c9b89_nohash_1.wav,four,1b4c9b89
four/1b4c9b89_nohash_3.wav,four,1b4c9b89
four/57152045_nohash_3.wav,four,57152045
four/57152045_nohash_2.wav,four,57152045
four/57152045_nohash_0.wav,four,57152045
four/57152045_nohash_5.wav,four,57152045
four/57152045_nohash_1.wav,four,57152045
four/b69002d4_nohash_3.wav,four,b69002d4
four/b69002d4_nohash_1.wav,four,b69002d4
four/b69002d4_nohash_4.wav,four,b69002d4
four/b69002d4_nohash_0.wav,four,b69002d4
four/b69002d4_nohash_2.wav,four,b69002d4
four/5ebc1cda_nohash_3.wav,four,5ebc1cda
four/5ebc1cda_nohash_4.wav,four,5ebc1cda
four/5ebc1cda_nohash_6.wav,four,5ebc1cda
four/5ebc1cda_nohash_2.wav,four,5ebc1cda
four/5ebc1cda_nohash_1.wav,four,5ebc1cda
four/de3fe344_nohash_2.wav,four,de3fe344
four/de3fe344_nohash_1.wav,four,de3fe344
four/de3fe344_nohash_0.wav,four,de3fe344
four/de3fe344_nohash_3.wav,four,de3fe344
four/de3fe344_nohash_4.wav,four,de3fe344
four/c79159aa_nohash_0.wav,four,c79159aa
four/c79159aa_nohash_1.wav,four,c79159aa
four/c79159aa_nohash_3.wav,four,c79159aa
four/c79159aa_nohash_4.wav,four,c79159aa
four/c79159aa_nohash_2.wav,four,c79159aa
four/8e05039f_nohash_3.wav,four,8e05039f
four/8e05039f_nohash_4.wav,four,8e05039f
four/8e05039f_nohash_0.wav,four,8e05039f
four/8e05039f_nohash_2.wav,four,8e05039f
four/8e05039f_nohash_1.wav,four,8e05039f
four/e1469561_nohash_4.wav,four,e1469561
four/e1469561_nohash_3.wav,four,e1469561
four/e1469561_nohash_2.wav,four,e1469561
four/e1469561_nohash_1.wav,four,e1469561
four/e1469561_nohash_0.wav,four,e1469561
four/b97c9f77_nohash_2.wav,four,b97c9f77
four/b97c9f77_nohash_3.wav,four,b97c9f77
four/b97c9f77_nohash_4.wav,four,b97c9f77
four/b97c9f77_nohash_1.wav,four,b97c9f77
four/b97c9f77_nohash_0.wav,four,b97c9f77
four/56eb74ae_nohash_3.wav,four,56eb74ae
four/56eb74ae_nohash_0.wav,four,56eb74ae
four/56eb74ae_nohash_2.wav,four,56eb74ae
four/56eb74ae_nohash_4.wav,four,56eb74ae
four/56eb74ae_nohash_1.wav,four,56eb74ae
four/ddedba85_nohash_1.wav,four,ddedba85
four/ddedba85_nohash_3.wav,four,ddedba85
four/ddedba85_nohash_4.wav,four,ddedba85
four/ddedba85_nohash_0.wav,four,ddedba85
four/ddedba85_nohash_6.wav,four,ddedba85
four/893705bb_nohash_7.wav,four,893705bb
four/893705bb_nohash_6.wav,four,893705bb
four/893705bb_nohash_4.wav,four,893705bb
four/893705bb_nohash_1.wav,four,893705bb
four/893705bb_nohash_3.wav,four,893705bb
four/b66f4f93_nohash_3.wav,four,b66f4f93
four/b66f4f93_nohash_7.wav,four,b66f4f93
four/b66f4f93_nohash_0.wav,four,b66f4f93
four/b66f4f93_nohash_6.wav,four,b66f4f93
four/b66f4f93_nohash_5.wav,four,b66f4f93
four/fa57ab3b_nohash_0.wav,four,fa57ab3b
four/fa57ab3b_nohash_1.wav,four,fa57ab3b
four/fa57ab3b_nohash_2.wav,four,fa57ab3b
four/fa57ab3b_nohash_3.wav,four,fa57ab3b
four/fa57ab3b_nohash_4.wav,four,fa57ab3b
four/c22d3f18_nohash_3.wav,four,c22d3f18
four/c22d3f18_nohash_4.wav,four,c22d3f18
four/c22d3f18_nohash_0.wav,four,c22d3f18
four/c22d3f18_nohash_1.wav,four,c22d3f18
four/c22d3f18_nohash_2.wav,four,c22d3f18
four/324210dd_nohash_4.wav,four,324210dd
four/324210dd_nohash_0.wav,four,324210dd
four/324210dd_nohash_3.wav,four,324210dd
four/324210dd_nohash_1.wav,four,324210dd
four/324210dd_nohash_2.wav,four,324210dd
four/24befdb3_nohash_3.wav,four,24befdb3
four/24befdb3_nohash_0.wav,four,24befdb3
four/24befdb3_nohash_2.wav,four,24befdb3
four/24befdb3_nohash_1.wav,four,24befdb3
four/24befdb3_nohash_4.wav,four,24befdb3
four/b5cf6ea8_nohash_6.wav,four,b5cf6ea8
four/b5cf6ea8_nohash_5.wav,four,b5cf6ea8
four/b5cf6ea8_nohash_8.wav,four,b5cf6ea8
four/b5cf6ea8_nohash_3.wav,four,b5cf6ea8
four/b5cf6ea8_nohash_0.wav,four,b5cf6ea8
four/28e47b1a_nohash_3.wav,four,28e47b1a
four/28e47b1a_nohash_1.wav,four,28e47b1a
four/28e47b1a_nohash_2.wav,four,28e47b1a
four/28e47b1a_nohash_4.wav,four,28e47b1a
four/28e47b1a_nohash_0.wav,four,28e47b1a
four/cd7f8c1b_nohash_3.wav,four,cd7f8c1b
four/cd7f8c1b_nohash_4.wav,four,cd7f8c1b
four/cd7f8c1b_nohash_2.wav,four,cd7f8c1b
four/cd7f8c1b_nohash_0.wav,four,cd7f8c1b
four/cd7f8c1b_nohash_1.wav,four,cd7f8c1b
four/21832144_nohash_2.wav,four,21832144
four/21832144_nohash_3.wav,four,21832144
four/21832144_nohash_1.wav,four,21832144
four/21832144_nohash_4.wav,four,21832144
four/21832144_nohash_0.wav,four,21832144
four/72242187_nohash_1.wav,four,72242187
four/72242187_nohash_2.wav,four,72242187
four/72242187_nohash_0.wav,four,72242187
four/72242187_nohash_3.wav,four,72242187
four/72242187_nohash_4.wav,four,72242187
four/5b09db89_nohash_1.wav,four,5b09db89
four/5b09db89_nohash_3.wav,four,5b09db89
four/5b09db89_nohash_0.wav,four,5b09db89
four/5b09db89_nohash_4.wav,four,5b09db89
four/5b09db89_nohash_2.wav,four,5b09db89
four/c1d39ce8_nohash_3.wav,four,c1d39ce8
four/c1d39ce8_nohash_5.wav,four,c1d39ce8
four/c1d39ce8_nohash_8.wav,four,c1d39ce8
four/c1d39ce8_nohash_7.wav,four,c1d39ce8
four/c1d39ce8_nohash_0.wav,four,c1d39ce8
four/179a61b7_nohash_3.wav,four,179a61b7
four/179a61b7_nohash_2.wav,four,179a61b7
four/179a61b7_nohash_1.wav,four,179a61b7
four/179a61b7_nohash_0.wav,four,179a61b7
four/179a61b7_nohash_4.wav,four,179a61b7
four/229978fd_nohash_1.wav,four,229978fd
four/229978fd_nohash_0.wav,four,229978fd
four/229978fd_nohash_2.wav,four,229978fd
four/229978fd_nohash_3.wav,four,229978fd
four/229978fd_nohash_4.wav,four,229978fd
four/ef3367d9_nohash_1.wav,four,ef3367d9
four/ef3367d9_nohash_2.wav,four,ef3367d9
four/ef3367d9_nohash_4.wav,four,ef3367d9
four/ef3367d9_nohash_0.wav,four,ef3367d9
four/ef3367d9_nohash_3.wav,four,ef3367d9
four/f822b9bf_nohash_4.wav,four,f822b9bf
four/f822b9bf_nohash_3.wav,four,f822b9bf
four/f822b9bf_nohash_0.wav,four,f822b9bf
four/f822b9bf_nohash_2.wav,four,f822b9bf
four/f822b9bf_nohash_1.wav,four,f822b9bf
four/eb0676ec_nohash_2.wav,four,eb0676ec
four/eb0676ec_nohash_1.wav,four,eb0676ec
four/eb0676ec_nohash_3.wav,four,eb0676ec
four/eb0676ec_nohash_4.wav,four,eb0676ec
four/eb0676ec_nohash_0.wav,four,eb0676ec
four/4c6167ca_nohash_3.wav,four,4c6167ca
four/4c6167ca_nohash_2.wav,four,4c6167ca
four/4c6167ca_nohash_0.wav,four,4c6167ca
four/4c6167ca_nohash_4.wav,four,4c6167ca
four/4c6167ca_nohash_5.wav,four,4c6167ca
nine/cce7416f_nohash_6.wav,nine,cce7416f
nine/cce7416f_nohash_7.wav,nine,cce7416f
nine/cce7416f_nohash_3.wav,nine,cce7416f
nine/cce7416f_nohash_2.wav,nine,cce7416f
nine/cce7416f_nohash_1.wav,nine,cce7416f
nine/25e95412_nohash_0.wav,nine,25e95412
nine/25e95412_nohash_4.wav,nine,25e95412
nine/25e95412_nohash_5.wav,nine,25e95412
nine/25e95412_nohash_1.wav,nine,25e95412
nine/25e95412_nohash_3.wav,nine,25e95412
nine/c1e0e8e3_nohash_0.wav,nine,c1e0e8e3
nine/c1e0e8e3_nohash_3.wav,nine,c1e0e8e3
nine/c1e0e8e3_nohash_1.wav,nine,c1e0e8e3
nine/c1e0e8e3_nohash_2.wav,nine,c1e0e8e3
nine/c1e0e8e3_nohash_4.wav,nine,c1e0e8e3
nine/2aca1e72_nohash_1.wav,nine,2aca1e72
nine/2aca1e72_nohash_0.wav,nine,2aca1e72
nine/2aca1e72_nohash_2.wav,nine,2aca1e72
nine/2aca1e72_nohash_6.wav,nine,2aca1e72
nine/2aca1e72_nohash_11.wav,nine,2aca1e72
nine/617de221_nohash_1.wav,nine,617de221
nine/617de221_nohash_3.wav,nine,617de221
nine/617de221_nohash_0.wav,nine,617de221
nine/617de221_nohash_2.wav,nine,617de221
nine/617de221_nohash_4.wav,nine,617de221
nine/964e8cfd_nohash_2.wav,nine,964e8cfd
nine/964e8cfd_nohash_3.wav,nine,964e8cfd
nine/964e8cfd_nohash_1.wav,nine,964e8cfd
nine/964e8cfd_nohash_0.wav,nine,964e8cfd
nine/964e8cfd_nohash_4.wav,nine,964e8cfd
nine/8134f43f_nohash_1.wav,nine,8134f43f
nine/8134f43f_nohash_4.wav,nine,8134f43f
nine/8134f43f_nohash_3.wav,nine,8134f43f
nine/8134f43f_nohash_0.wav,nine,8134f43f
nine/8134f43f_nohash_2.wav,nine,8134f43f
nine/1b4c9b89_nohash_3.wav,nine,1b4c9b89
nine/1b4c9b89_nohash_2.wav,nine,1b4c9b89
nine/1b4c9b89_nohash_0.wav,nine,1b4c9b89
nine/1b4c9b89_nohash_4.wav,nine,1b4c9b89
nine/1b4c9b89_nohash_1.wav,nine,1b4c9b89
nine/57152045_nohash_3.wav,nine,57152045
nine/57152045_nohash_0.wav,nine,57152045
nine/57152045_nohash_4.wav,nine,57152045
nine/57152045_nohash_1.wav,nine,57152045
nine/57152045_nohash_2.wav,nine,57152045
nine/b69002d4_nohash_3.wav,nine,b69002d4
nine/b69002d4_nohash_2.wav,nine,b69002d4
nine/b69002d4_nohash_4.wav,nine,b69002d4
nine/b69002d4_nohash_0.wav,nine,b69002d4
nine/b69002d4_nohash_1.wav,nine,b69002d4
nine/5ebc1cda_nohash_6.wav,nine,5ebc1cda
nine/5ebc1cda_nohash_5.wav,nine,5ebc1cda
nine/5ebc1cda_nohash_7.wav,nine,5ebc1cda
nine/5ebc1cda_nohash_3.wav,nine,5ebc1cda
nine/5ebc1cda_nohash_1.wav,nine,5ebc1cda
nine/de3fe344_nohash_2.wav,nine,de3fe344
nine/de3fe344_nohash_3.wav,nine,de3fe344
nine/de3fe344_nohash_0.wav,nine,de3fe344
nine/de3fe344_nohash_4.wav,nine,de3fe344
nine/de3fe344_nohash_1.wav,nine,de3fe344
nine/c79159aa_nohash_0.wav,nine,c79159aa
nine/c79159aa_nohash_3.wav,nine,c79159aa
nine/c79159aa_nohash_1.wav,nine,c79159aa
nine/c79159aa_nohash_2.wav,nine,c79159aa
nine/c79159aa_nohash_4.wav,nine,c79159aa
nine/8e05039f_nohash_1.wav,nine,8e05039f
nine/8e05039f_nohash_3.wav,nine,8e05039f
nine/8e05039f_nohash_4.wav,nine,8e05039f
nine/8e05039f_nohash_2.wav,nine,8e05039f
nine/8e05039f_nohash_0.wav,nine,8e05039f
nine/e1469561_nohash_2.wav,nine,e1469561
nine/e1469561_nohash_0.wav,nine,e1469561
nine/e1469561_nohash_3.wav,nine,e1469561
nine/e1469561_nohash_1.wav,nine,e1469561
nine/e1469561_nohash_4.wav,nine,e1469561
nine/b97c9f77_nohash_1.wav,nine,b97c9f77
nine/b97c9f77_nohash_0.wav,nine,b97c9f77
nine/b97c9f77_nohash_2.wav,nine,b97c9f77
nine/b97c9f77_nohash_3.wav,nine,b97c9f77
nine/b97c9f77_nohash_4.wav,nine,b97c9f77
nine/56eb74ae_nohash_3.wav,nine,56eb74ae
nine/56eb74ae_nohash_4.wav,nine,56eb74ae
nine/56eb74ae_nohash_1.wav,nine,56eb74ae
nine/56eb74ae_nohash_2.wav,nine,56eb74ae
nine/56eb74ae_nohash_0.wav,nine,56eb74ae
nine/ddedba85_nohash_0.wav,nine,ddedba85
nine/ddedba85_nohash_3.wav,nine,ddedba85
nine/ddedba85_nohash_1.wav,nine,ddedba85
nine/ddedba85_nohash_4.wav,nine,ddedba85
nine/ddedba85_nohash_2.wav,nine,ddedba85
nine/893705bb_nohash_2.wav,nine,893705bb
nine/893705bb_nohash_0.wav,nine,893705bb
nine/893705bb_nohash_3.wav,nine,893705bb
nine/893705bb_nohash_4.wav,nine,893705bb
nine/893705bb_nohash_1.wav,nine,893705bb
nine/b66f4f93_nohash_3.wav,nine,b66f4f93
nine/b66f4f93_nohash_8.wav,nine,b66f4f93
nine/b66f4f93_nohash_2.wav,nine,b66f4f93
nine/b66f4f93_nohash_0.wav,nine,b66f4f93
nine/b66f4f93_nohash_9.wav,nine,b66f4f93
nine/fa57ab3b_nohash_3.wav,nine,fa57ab3b
nine/fa57ab3b_nohash_4.wav,nine,fa57ab3b
nine/fa57ab3b_nohash_0.wav,nine,fa57ab3b
nine/fa57ab3b_nohash_2.wav,nine,fa57ab3b
nine/fa57ab3b_nohash_1.wav,nine,fa57ab3b
nine/c22d3f18_nohash_4.wav,nine,c22d3f18
nine/c22d3f18_nohash_1.wav,nine,c22d3f18
nine/c22d3f18_nohash_3.wav,nine,c22d3f18
nine/c22d3f18_nohash_2.wav,nine,c22d3f18
nine/c22d3f18_nohash_0.wav,nine,c22d3f18
nine/324210dd_nohash_1.wav,nine,324210dd
nine/324210dd_nohash_0.wav,nine,324210dd
nine/324210dd_nohash_2.wav,nine,324210dd
nine/324210dd_nohash_4.wav,nine,324210dd
nine/324210dd_nohash_3.wav,nine,324210dd
nine/24befdb3_nohash_0.wav,nine,24befdb3
nine/24befdb3_nohash_4.wav,nine,24befdb3
nine/24befdb3_nohash_1.wav,nine,24befdb3
nine/24befdb3_nohash_2.wav,nine,24befdb3
nine/24befdb3_nohash_3.wav,nine,24befdb3
nine/b5cf6ea8_nohash_2.wav,nine,b5cf6ea8
nine/b5cf6ea8_nohash_0.wav,nine,b5cf6ea8
nine/b5cf6ea8_nohash_4.wav,nine,b5cf6ea8
nine/b5cf6ea8_nohash_6.wav,nine,b5cf6ea8
nine/b5cf6ea8_nohash_1.wav,nine,b5cf6ea8
nine/28e47b1a_nohash_3.wav,nine,28e47b1a
nine/28e47b1a_nohash_2.wav,nine,28e47b1a
nine/28e47b1a_nohash_4.wav,nine,28e47b1a
nine/28e47b1a_nohash_1.wav,nine,28e47b1a
nine/28e47b1a_nohash_0.wav,nine,28e47b1a
nine/cd7f8c1b_nohash_4.wav,nine,cd7f8c1b
nine/cd7f8c1b_nohash_2.wav,nine,cd7f8c1b
nine/cd7f8c1b_nohash_3.wav,nine,cd7f8c1b
nine/cd7f8c1b_nohash_1.wav,nine,cd7f8c1b
nine/cd7f8c1b_nohash_0.wav,nine,cd7f8c1b
nine/21832144_nohash_4.wav,nine,21832144
nine/21832144_nohash_0.wav,nine,21832144
nine/21832144_nohash_1.wav,nine,21832144
nine/21832144_nohash_3.wav,nine,21832144
nine/21832144_nohash_2.wav,nine,21832144
nine/72242187_nohash_1.wav,nine,72242187
nine/72242187_nohash_3.wav,nine,72242187
nine/72242187_nohash_2.wav,nine,72242187
nine/72242187_nohash_4.wav,nine,72242187
nine/72242187_nohash_0.wav,nine,72242187
nine/5b09db89_nohash_3.wav,nine,5b09db89
nine/5b09db89_nohash_2.wav,nine,5b09db89
nine/5b09db89_nohash_1.wav,nine,5b09db89
nine/5b09db89_nohash_0.wav,nine,5b09db89
nine/5b09db89_nohash_4.wav,nine,5b09db89
nine/c1d39ce8_nohash_3.wav,nine,c1d39ce8
nine/c1d39ce8_nohash_2.wav,nine,c1d39ce8
nine/c1d39ce8_nohash_0.wav,nine,c1d39ce8
nine/c1d39ce8_nohash_1.wav,nine,c1d39ce8
nine/c1d39ce8_nohash_4.wav,nine,c1d39ce8
nine/179a61b7_nohash_1.wav,nine,179a61b7
nine/179a61b7_nohash_0.wav,nine,179a61b7
nine/179a61b7_nohash_3.wav,nine,179a61b7
nine/179a61b7_nohash_2.wav,nine,179a61b7
nine/179a61b7_nohash_4.wav,nine,179a61b7
nine/229978fd_nohash_2.wav,nine,229978fd
nine/229978fd_nohash_1.wav,nine,229978fd
nine/229978fd_nohash_3.wav,nine,229978fd
nine/229978fd_nohash_0.wav,nine,229978fd
nine/229978fd_nohash_4.wav,nine,229978fd
nine/ef3367d9_nohash_6.wav,nine,ef3367d9
nine/ef3367d9_nohash_4.wav,nine,ef3367d9
nine/ef3367d9_nohash_0.wav,nine,ef3367d9
nine/ef3367d9_nohash_3.wav,nine,ef3367d9
nine/ef3367d9_nohash_5.wav,nine,ef3367d9
nine/f822b9bf_nohash_0.wav,nine,f822b9bf
nine/f822b9bf_nohash_2.wav,nine,f822b9bf
nine/f822b9bf_nohash_4.wav,nine,f822b9bf
nine/f822b9bf_nohash_1.wav,nine,f822b9bf
nine/f822b9bf_nohash_3.wav,nine,f822b9bf
nine/eb0676ec_nohash_0.wav,nine,eb0676ec
nine/eb0676ec_nohash_4.wav,nine,eb0676ec
nine/eb0676ec_nohash_1.wav,nine,eb0676ec
nine/eb0676ec_nohash_3.wav,nine,eb0676ec
nine/eb0676ec_nohash_2.wav,nine,eb0676ec
nine/4c6167ca_nohash_5.wav,nine,4c6167ca
nine/4c6167ca_nohash_1.wav,nine,4c6167ca
nine/4c6167ca_nohash_7.wav,nine,4c6167ca
nine/4c6167ca_nohash_6.wav,nine,4c6167ca
nine/4c6167ca_nohash_2.wav,nine,4c6167ca
one/cce7416f_nohash_5.wav,one,cce7416f
one/cce7416f_nohash_6.wav,one,cce7416f
one/cce7416f_nohash_0.wav,one,cce7416f
one/cce7416f_nohash_3.wav,one,cce7416f
one/cce7416f_nohash_11.wav,one,cce7416f
one/25e95412_nohash_2.wav,one,25e95412
one/25e95412_nohash_1.wav,one,25e95412
one/25e95412_nohash_4.wav,one,25e95412
one/25e95412_nohash_5.wav,one,25e95412
one/25e95412_nohash_3.wav,one,25e95412
one/c1e0e8e3_nohash_1.wav,one,c1e0e8e3
one/c1e0e8e3_nohash_4.wav,one,c1e0e8e3
one/c1e0e8e3_nohash_2.wav,one,c1e0e8e3
one/c1e0e8e3_nohash_0.wav,one,c1e0e8e3
one/c1e0e8e3_nohash_3.wav,one,c1e0e8e3
one/2aca1e72_nohash_2.wav,one,2aca1e72
one/2aca1e72_nohash_5.wav,one,2aca1e72
one/2aca1e72_nohash_8.wav,one,2aca1e72
one/2aca1e72_nohash_1.wav,one,2aca1e72
one/2aca1e72_nohash_6.wav,one,2aca1e72
one/617de221_nohash_2.wav,one,617de221
one/617de221_nohash_1.wav,one,617de221
one/617de221_nohash_4.wav,one,617de221
one/617de221_nohash_0.wav,one,617de221
one/617de221_nohash_3.wav,one,617de221
one/964e8cfd_nohash_1.wav,one,964e8cfd
one/964e8cfd_nohash_3.wav,one,964e8cfd
one/964e8cfd_nohash_0.wav,one,964e8cfd
one/964e8cfd_nohash_2.wav,one,964e8cfd
one/964e8cfd_nohash_4.wav,one,964e8cfd
one/8134f43f_nohash_3.wav,one,8134f43f
one/8134f43f_nohash_1.wav,one,8134f43f
one/8134f43f_nohash_4.wav,one,8134f43f
one/8134f43f_nohash_2.wav,one,8134f43f
one/8134f43f_nohash_0.wav,one,8134f43f
one/1b4c9b89_nohash_2.wav,one,1b4c9b89
one/1b4c9b89_nohash_0.wav,one,1b4c9b89
one/1b4c9b89_nohash_1.wav,one,1b4c9b89
one/1b4c9b89_nohash_3.wav,one,1b4c9b89
one/1b4c9b89_nohash_4.wav,one,1b4c9b89
one/57152045_nohash_4.wav,one,57152045
one/57152045_nohash_2.wav,one,57152045
one/57152045_nohash_0.wav,one,57152045
one/57152045_nohash_1.wav,one,57152045
one/57152045_nohash_3.wav,one,57152045
one/b69002d4_nohash_2.wav,one,b69002d4
one/b69002d4_nohash_0.wav,one,b69002d4
one/b69002d4_nohash_4.wav,one,b69002d4
one/b69002d4_nohash_3.wav,one,b69002d4
one/b69002d4_nohash_1.wav,one,b69002d4
one/5ebc1cda_nohash_0.wav,one,5ebc1cda
one/5ebc1cda_nohash_4.wav,one,5ebc1cda
one/5ebc1cda_nohash_1.wav,one,5ebc1cda
one/5ebc1cda_nohash_2.wav,one,5ebc1cda
one/5ebc1cda_nohash_5.wav,one,5ebc1cda
one/de3fe344_nohash_2.wav,one,de3fe344
one/de3fe344_nohash_0.wav,one,de3fe344
one/de3fe344_nohash_3.wav,one,de3fe344
one/de3fe344_nohash_4.wav,one,de3fe344
one/de3fe344_nohash_1.wav,one,de3fe344
one/c79159aa_nohash_0.wav,one,c79159aa
one/c79159aa_nohash_4.wav,one,c79159aa
one/c79159aa_nohash_2.wav,one,c79159aa
one/c79159aa_nohash_3.wav,one,c79159aa
one/c79159aa_nohash_1.wav,one,c79159aa
one/8e05039f_nohash_3.wav,one,8e05039f
one/8e05039f_nohash_4.wav,one,8e05039f
one/8e05039f_nohash_0.wav,one,8e05039f
one/8e05039f_nohash_1.wav,one,8e05039f
one/8e05039f_nohash_2.wav,one,8e05039f
one/e1469561_nohash_4.wav,one,e1469561
one/e1469561_nohash_1.wav,one,e1469561
one/e1469561_nohash_0.wav,one,e1469561
one/e1469561_nohash_3.wav,one,e1469561
one/e1469561_nohash_2.wav,one,e1469561
one/b97c9f77_nohash_1.wav,one,b97c9f77
one/b97c9f77_nohash_0.wav,one,b97c9f77
one/b97c9f77_nohash_2.wav,one,b97c9f77
one/b97c9f77_nohash_4.wav,one,b97c9f77
one/b97c9f77_nohash_3.wav,one,b97c9f77
one/56eb74ae_nohash_0.wav,one,56eb74ae
one/56eb74ae_nohash_2.wav,one,56eb74ae
one/56eb74ae_nohash_4.wav,one,56eb74ae
one/56eb74ae_nohash_3.wav,one,56eb74ae
one/56eb74ae_nohash_1.wav,one,56eb74ae
one/ddedba85_nohash_3.wav,one,ddedba85
one/ddedba85_nohash_5.wav,one,ddedba85
one/ddedba85_nohash_0.wav,one,ddedba85
one/ddedba85_nohash_7.wav,one,ddedba85
one/ddedba85_nohash_1.wav,one,ddedba85
one/893705bb_nohash_5.wav,one,893705bb
one/893705bb_nohash_1.wav,one,893705bb
one/893705bb_nohash_3.wav,one,893705bb
one/893705bb_nohash_2.wav,one,893705bb
one/893705bb_nohash_4.wav,one,893705bb
one/b66f4f93_nohash_2.wav,one,b66f4f93
one/b66f4f93_nohash_1.wav,one,b66f4f93
one/b66f4f93_nohash_4.wav,one,b66f4f93
one/b66f4f93_nohash_6.wav,one,b66f4f93
one/b66f4f93_nohash_3.wav,one,b66f4f93
one/fa57ab3b_nohash_1.wav,one,fa57ab3b
one/fa57ab3b_nohash_3.wav,one,fa57ab3b
one/fa57ab3b_nohash_0.wav,one,fa57ab3b
one/fa57ab3b_nohash_4.wav,one,fa57ab3b
one/fa57ab3b_nohash_2.wav,one,fa57ab3b
one/c22d3f18_nohash_0.wav,one,c22d3f18
one/c22d3f18_nohash_1.wav,one,c22d3f18
one/c22d3f18_nohash_3.wav,one,c22d3f18
one/c22d3f18_nohash_4.wav,one,c22d3f18
one/c22d3f18_nohash_2.wav,one,c22d3f18
one/324210dd_nohash_0.wav,one,324210dd
one/324210dd_nohash_4.wav,one,324210dd
one/324210dd_nohash_3.wav,one,324210dd
one/324210dd_nohash_1.wav,one,324210dd
one/324210dd_nohash_2.wav,one,324210dd
one/24befdb3_nohash_2.wav,one,24befdb3
one/24befdb3_nohash_0.wav,one,24befdb3
one/24befdb3_nohash_3.wav,one,24befdb3
one/24befdb3_nohash_1.wav,one,24befdb3
one/24befdb3_nohash_4.wav,one,24befdb3
one/b5cf6ea8_nohash_8.wav,one,b5cf6ea8
one/b5cf6ea8_nohash_7.wav,one,b5cf6ea8
one/b5cf6ea8_nohash_5.wav,one,b5cf6ea8
one/b5cf6ea8_nohash_0.wav,one,b5cf6ea8
one/b5cf6ea8_nohash_6.wav,one,b5cf6ea8
one/28e47b1a_nohash_2.wav,one,28e47b1a
one/28e47b1a_nohash_0.wav,one,28e47b1a
one/28e47b1a_nohash_1.wav,one,28e47b1a
one/28e47b1a_nohash_3.wav,one,28e47b1a
one/28e47b1a_nohash_4.wav,one,28e47b1a
one/cd7f8c1b_nohash_3.wav,one,cd7f8c1b
one/cd7f8c1b_nohash_2.wav,one,cd7f8c1b
one/cd7f8c1b_nohash_1.wav,one,cd7f8c1b
one/cd7f8c1b_nohash_4.wav,one,cd7f8c1b
one/cd7f8c1b_nohash_0.wav,one,cd7f8c1b
one/21832144_nohash_3.wav,one,21832144
one/21832144_nohash_0.wav,one,21832144
one/21832144_nohash_2.wav,one,21832144
one/21832144_nohash_1.wav,one,21832144
one/21832144_nohash_4.wav,one,21832144
one/72242187_nohash_1.wav,one,72242187
one/72242187_nohash_3.wav,one,72242187
one/72242187_nohash_0.wav,one,72242187
one/72242187_nohash_4.wav,one,72242187
one/72242187_nohash_2.wav,one,72242187
one/5b09db89_nohash_0.wav,one,5b09db89
one/5b09db89_nohash_2.wav,one,5b09db89
one/5b09db89_nohash_4.wav,one,5b09db89
one/5b09db89_nohash_1.wav,one,5b09db89
one/5b09db89_nohash_3.wav,one,5b09db89
one/c1d39ce8_nohash_8.wav,one,c1d39ce8
one/c1d39ce8_nohash_2.wav,one,c1d39ce8
one/c1d39ce8_nohash_3.wav,one,c1d39ce8
one/c1d39ce8_nohash_4.wav,one,c1d39ce8
one/c1d39ce8_nohash_7.wav,one,c1d39ce8
one/179a61b7_nohash_0.wav,one,179a61b7
one/179a61b7_nohash_3.wav,one,179a61b7
one/179a61b7_nohash_4.wav,one,179a61b7
one/179a61b7_nohash_2.wav,one,179a61b7
one/179a61b7_nohash_1.wav,one,179a61b7
one/229978fd_nohash_2.wav,one,229978fd
one/229978fd_nohash_3.wav,one,229978fd
one/229978fd_nohash_1.wav,one,229978fd
one/229978fd_nohash_0.wav,one,229978fd
one/229978fd_nohash_4.wav,one,229978fd
one/ef3367d9_nohash_1.wav,one,ef3367d9
one/ef3367d9_nohash_7.wav,one,ef3367d9
one/ef3367d9_nohash_3.wav,one,ef3367d9
one/ef3367d9_nohash_5.wav,one,ef3367d9
one/ef3367d9_nohash_0.wav,one,ef3367d9
one/f822b9bf_nohash_0.wav,one,f822b9bf
one/f822b9bf_nohash_4.wav,one,f822b9bf
one/f822b9bf_nohash_2.wav,one,f822b9bf
one/f822b9bf_nohash_3.wav,one,f822b9bf
one/f822b9bf_nohash_1.wav,one,f822b9bf
one/eb0676ec_nohash_4.wav,one,eb0676ec
one/eb0676ec_nohash_0.wav,one,eb0676ec
one/eb0676ec_nohash_1.wav,one,eb0676ec
one/eb0676ec_nohash_3.wav,one,eb0676ec
one/eb0676ec_nohash_2.wav,one,eb0676ec
one/4c6167ca_nohash_1.wav,one,4c6167ca
one/4c6167ca_nohash_4.wav,one,4c6167ca
one/4c6167ca_nohash_6.wav,one,4c6167ca
one/4c6167ca_nohash_2.wav,one,4c6167ca
one/4c6167ca_nohash_8.wav,one,4c6167ca
seven/cce7416f_nohash_1.wav,seven,cce7416f
seven/cce7416f_nohash_2.wav,seven,cce7416f
seven/cce7416f_nohash_9.wav,seven,cce7416f
seven/cce7416f_nohash_10.wav,seven,cce7416f
seven/cce7416f_nohash_5.wav,seven,cce7416f
seven/25e95412_nohash_4.wav,seven,25e95412
seven/25e95412_nohash_1.wav,seven,25e95412
seven/25e95412_nohash_2.wav,seven,25e95412
seven/25e95412_nohash_3.wav,seven,25e95412
seven/25e95412_nohash_5.wav,seven,25e95412
seven/c1e0e8e3_nohash_2.wav,seven,c1e0e8e3
seven/c1e0e8e3_nohash_4.wav,seven,c1e0e8e3
seven/c1e0e8e3_nohash_3.wav,seven,c1e0e8e3
seven/c1e0e8e3_nohash_1.wav,seven,c1e0e8e3
seven/c1e0e8e3_nohash_0.wav,seven,c1e0e8e3
seven/2aca1e72_nohash_2.wav,seven,2aca1e72
seven/2aca1e72_nohash_4.wav,seven,2aca1e72
seven/2aca1e72_nohash_1.wav,seven,2aca1e72
seven/2aca1e72_nohash_9.wav,seven,2aca1e72
seven/2aca1e72_nohash_7.wav,seven,2aca1e72
seven/617de221_nohash_0.wav,seven,617de221
seven/617de221_nohash_4.wav,seven,617de221
seven/617de221_nohash_1.wav,seven,617de221
seven/617de221_nohash_3.wav,seven,617de221
seven/617de221_nohash_2.wav,seven,617de221
seven/964e8cfd_nohash_4.wav,seven,964e8cfd
seven/964e8cfd_nohash_2.wav,seven,964e8cfd
seven/964e8cfd_nohash_3.wav,seven,964e8cfd
seven/964e8cfd_nohash_0.wav,seven,964e8cfd
seven/964e8cfd_nohash_1.wav,seven,964e8cfd
seven/8134f43f_nohash_1.wav,seven,8134f43f
seven/8134f43f_nohash_4.wav,seven,8134f43f
seven/8134f43f_nohash_2.wav,seven,8134f43f
seven/8134f43f_nohash_3.wav,seven,8134f43f
seven/8134f43f_nohash_0.wav,seven,8134f43f
seven/1b4c9b89_nohash_0.wav,seven,1b4c9b89
seven/1b4c9b89_nohash_3.wav,seven,1b4c9b89
seven/1b4c9b89_nohash_2.wav,seven,1b4c9b89
seven/1b4c9b89_nohash_4.wav,seven,1b4c9b89
seven/1b4c9b89_nohash_1.wav,seven,1b4c9b89
seven/57152045_nohash_4.wav,seven,57152045
seven/57152045_nohash_6.wav,seven,57152045
seven/57152045_nohash_0.wav,seven,57152045
seven/57152045_nohash_1.wav,seven,57152045
seven/57152045_nohash_5.wav,seven,57152045
seven/b69002d4_nohash_0.wav,seven,b69002d4
seven/b69002d4_nohash_1.wav,seven,b69002d4
seven/b69002d4_nohash_4.wav,seven,b69002d4
seven/b69002d4_nohash_2.wav,seven,b69002d4
seven/b69002d4_nohash_3.wav,seven,b69002d4
seven/5ebc1cda_nohash_4.wav,seven,5ebc1cda
seven/5ebc1cda_nohash_0.wav,seven,5ebc1cda
seven/5ebc1cda_nohash_6.wav,seven,5ebc1cda
seven/5ebc1cda_nohash_1.wav,seven,5ebc1cda
seven/5ebc1cda_nohash_2.wav,seven,5ebc1cda
seven/de3fe344_nohash_1.wav,seven,de3fe344
seven/de3fe344_nohash_2.wav,seven,de3fe344
seven/de3fe344_nohash_3.wav,seven,de3fe344
seven/de3fe344_nohash_4.wav,seven,de3fe344
seven/de3fe344_nohash_0.wav,seven,de3fe344
seven/c79159aa_nohash_4.wav,seven,c79159aa
seven/c79159aa_nohash_2.wav,seven,c79159aa
seven/c79159aa_nohash_1.wav,seven,c79159aa
seven/c79159aa_nohash_0.wav,seven,c79159aa
seven/c79159aa_nohash_3.wav,seven,c79159aa
seven/8e05039f_nohash_3.wav,seven,8e05039f
seven/8e05039f_nohash_1.wav,seven,8e05039f
seven/8e05039f_nohash_4.wav,seven,8e05039f
seven/8e05039f_nohash_0.wav,seven,8e05039f
seven/8e05039f_nohash_2.wav,seven,8e05039f
seven/e1469561_nohash_0.wav,seven,e1469561
seven/e1469561_nohash_3.wav,seven,e1469561
seven/e1469561_nohash_1.wav,seven,e1469561
seven/e1469561_nohash_4.wav,seven,e1469561
seven/e1469561_nohash_2.wav,seven,e1469561
seven/b97c9f77_nohash_4.wav,seven,b97c9f77
seven/b97c9f77_nohash_3.wav,seven,b97c9f77
seven/b97c9f77_nohash_1.wav,seven,b97c9f77
seven/b97c9f77_nohash_2.wav,seven,b97c9f77
seven/b97c9f77_nohash_0.wav,seven,b97c9f77
seven/56eb74ae_nohash_3.wav,seven,56eb74ae
seven/56eb74ae_nohash_0.wav,seven,56eb74ae
seven/56eb74ae_nohash_1.wav,seven,56eb74ae
seven/56eb74ae_nohash_2.wav,seven,56eb74ae
seven/56eb74ae_nohash_4.wav,seven,56eb74ae
seven/ddedba85_nohash_5.wav,seven,ddedba85
seven/ddedba85_nohash_0.wav,seven,ddedba85
seven/ddedba85_nohash_2.wav,seven,ddedba85
seven/ddedba85_nohash_1.wav,seven,ddedba85
seven/ddedba85_nohash_3.wav,seven,ddedba85
seven/893705bb_nohash_1.wav,seven,893705bb
seven/893705bb_nohash_8.wav,seven,893705bb
seven/893705bb_nohash_7.wav,seven,893705bb
seven/893705bb_nohash_4.wav,seven,893705bb
seven/893705bb_nohash_3.wav,seven,893705bb
seven/b66f4f93_nohash_7.wav,seven,b66f4f93
seven/b66f4f93_nohash_0.wav,seven,b66f4f93
seven/b66f4f93_nohash_1.wav,seven,b66f4f93
seven/b66f4f93_nohash_4.wav,seven,b66f4f93
seven/b66f4f93_nohash_2.wav,seven,b66f4f93
seven/fa57ab3b_nohash_2.wav,seven,fa57ab3b
seven/fa57ab3b_nohash_4.wav,seven,fa57ab3b
seven/fa57ab3b_nohash_1.wav,seven,fa57ab3b
seven/fa57ab3b_nohash_0.wav,seven,fa57ab3b
seven/fa57ab3b_nohash_3.wav,seven,fa57ab3b
seven/c22d3f18_nohash_1.wav,seven,c22d3f18
seven/c22d3f18_nohash_2.wav,seven,c22d3f18
seven/c22d3f18_nohash_3.wav,seven,c22d3f18
seven/c22d3f18_nohash_0.wav,seven,c22d3f18
seven/c22d3f18_nohash_4.wav,seven,c22d3f18
seven/324210dd_nohash_2.wav,seven,324210dd
seven/324210dd_nohash_3.wav,seven,324210dd
seven/324210dd_nohash_0.wav,seven,324210dd
seven/324210dd_nohash_4.wav,seven,324210dd
seven/324210dd_nohash_1.wav,seven,324210dd
seven/24befdb3_nohash_1.wav,seven,24befdb3
seven/24befdb3_nohash_2.wav,seven,24befdb3
seven/24befdb3_nohash_4.wav,seven,24befdb3
seven/24befdb3_nohash_0.wav,seven,24befdb3
seven/24befdb3_nohash_3.wav,seven,24befdb3
seven/b5cf6ea8_nohash_4.wav,seven,b5cf6ea8
seven/b5cf6ea8_nohash_2.wav,seven,b5cf6ea8
seven/b5cf6ea8_nohash_1.wav,seven,b5cf6ea8
seven/b5cf6ea8_nohash_5.wav,seven,b5cf6ea8
seven/b5cf6ea8_nohash_3.wav,seven,b5cf6ea8
seven/28e47b1a_nohash_1.wav,seven,28e47b1a
seven/28e47b1a_nohash_2.wav,seven,28e47b1a
seven/28e47b1a_nohash_4.wav,seven,28e47b1a
seven/28e47b1a_nohash_3.wav,seven,28e47b1a
seven/28e47b1a_nohash_0.wav,seven,28e47b1a
seven/cd7f8c1b_nohash_0.wav,seven,cd7f8c1b
seven/cd7f8c1b_nohash_2.wav,seven,cd7f8c1b
seven/cd7f8c1b_nohash_4.wav,seven,cd7f8c1b
seven/cd7f8c1b_nohash_3.wav,seven,cd7f8c1b
seven/cd7f8c1b_nohash_1.wav,seven,cd7f8c1b
seven/21832144_nohash_1.wav,seven,21832144
seven/21832144_nohash_3.wav,seven,21832144
seven/21832144_nohash_0.wav,seven,21832144
seven/21832144_nohash_4.wav,seven,21832144
seven/21832144_nohash_2.wav,seven,21832144
seven/72242187_nohash_0.wav,seven,72242187
seven/72242187_nohash_1.wav,seven,72242187
seven/72242187_nohash_2.wav,seven,72242187
seven/72242187_nohash_3.wav,seven,72242187
seven/72242187_nohash_4.wav,seven,72242187
seven/5b09db89_nohash_4.wav,seven,5b09db89
seven/5b09db89_nohash_2.wav,seven,5b09db89
seven/5b09db89_nohash_1.wav,seven,5b09db89
seven/5b09db89_nohash_0.wav,seven,5b09db89
seven/5b09db89_nohash_3.wav,seven,5b09db89
seven/c1d39ce8_nohash_0.wav,seven,c1d39ce8
seven/c1d39ce8_nohash_3.wav,seven,c1d39ce8
seven/c1d39ce8_nohash_4.wav,seven,c1d39ce8
seven/c1d39ce8_nohash_1.wav,seven,c1d39ce8
seven/c1d39ce8_nohash_2.wav,seven,c1d39ce8
seven/179a61b7_nohash_0.wav,seven,179a61b7
seven/179a61b7_nohash_2.wav,seven,179a61b7
seven/179a61b7_nohash_3.wav,seven,179a61b7
seven/179a61b7_nohash_4.wav,seven,179a61b7
seven/179a61b7_nohash_1.wav,seven,179a61b7
seven/229978fd_nohash_0.wav,seven,229978fd
seven/229978fd_nohash_3.wav,seven,229978fd
seven/229978fd_nohash_1.wav,seven,229978fd
seven/229978fd_nohash_4.wav,seven,229978fd
seven/229978fd_nohash_2.wav,seven,229978fd
seven/ef3367d9_nohash_0.wav,seven,ef3367d9
seven/ef3367d9_nohash_1.wav,seven,ef3367d9
seven/ef3367d9_nohash_4.wav,seven,ef3367d9
seven/ef3367d9_nohash_3.wav,seven,ef3367d9
seven/ef3367d9_nohash_5.wav,seven,ef3367d9
seven/f822b9bf_nohash_2.wav,seven,f822b9bf
seven/f822b9bf_nohash_4.wav,seven,f822b9bf
seven/f822b9bf_nohash_3.wav,seven,f822b9bf
seven/f822b9bf_nohash_1.wav,seven,f822b9bf
seven/f822b9bf_nohash_0.wav,seven,f822b9bf
seven/eb0676ec_nohash_2.wav,seven,eb0676ec
seven/eb0676ec_nohash_4.wav,seven,eb0676ec
seven/eb0676ec_nohash_0.wav,seven,eb0676ec
seven/eb0676ec_nohash_3.wav,seven,eb0676ec
seven/eb0676ec_nohash_1.wav,seven,eb0676ec
seven/4c6167ca_nohash_5.wav,seven,4c6167ca
seven/4c6167ca_nohash_2.wav,seven,4c6167ca
seven/4c6167ca_nohash_3.wav,seven,4c6167ca
seven/4c6167ca_nohash_4.wav,seven,4c6167ca
seven/4c6167ca_nohash_1.wav,seven,4c6167ca
six/cce7416f_nohash_10.wav,six,cce7416f
six/cce7416f_nohash_11.wav,six,cce7416f
six/cce7416f_nohash_5.wav,six,cce7416f
six/cce7416f_nohash_1.wav,six,cce7416f
six/cce7416f_nohash_9.wav,six,cce7416f
six/25e95412_nohash_3.wav,six,25e95412
six/25e95412_nohash_6.wav,six,25e95412
six/25e95412_nohash_0.wav,six,25e95412
six/25e95412_nohash_1.wav,six,25e95412
six/25e95412_nohash_4.wav,six,25e95412
six/c1e0e8e3_nohash_4.wav,six,c1e0e8e3
six/c1e0e8e3_nohash_3.wav,six,c1e0e8e3
six/c1e0e8e3_nohash_1.wav,six,c1e0e8e3
six/c1e0e8e3_nohash_2.wav,six,c1e0e8e3
six/c1e0e8e3_nohash_0.wav,six,c1e0e8e3
six/2aca1e72_nohash_7.wav,six,2aca1e72
six/2aca1e72_nohash_4.wav,six,2aca1e72
six/2aca1e72_nohash_1.wav,six,2aca1e72
six/2aca1e72_nohash_8.wav,six,2aca1e72
six/2aca1e72_nohash_0.wav,six,2aca1e72
six/617de221_nohash_3.wav,six,617de221
six/617de221_nohash_4.wav,six,617de221
six/617de221_nohash_2.wav,six,617de221
six/617de221_nohash_1.wav,six,617de221
six/617de221_nohash_0.wav,six,617de221
six/964e8cfd_nohash_3.wav,six,964e8cfd
six/964e8cfd_nohash_2.wav,six,964e8cfd
six/964e8cfd_nohash_0.wav,six,964e8cfd
six/964e8cfd_nohash_4.wav,six,964e8cfd
six/964e8cfd_nohash_1.wav,six,964e8cfd
six/8134f43f_nohash_0.wav,six,8134f43f
six/8134f43f_nohash_4.wav,six,8134f43f
six/8134f43f_nohash_1.wav,six,8134f43f
six/8134f43f_nohash_2.wav,six,8134f43f
six/8134f43f_nohash_3.wav,six,8134f43f
six/1b4c9b89_nohash_2.wav,six,1b4c9b89
six/1b4c9b89_nohash_0.wav,six,1b4c9b89
six/1b4c9b89_nohash_1.wav,six,1b4c9b89
six/1b4c9b89_nohash_3.wav,six,1b4c9b89
six/1b4c9b89_nohash_4.wav,six,1b4c9b89
six/57152045_nohash_4.wav,six,57152045
six/57152045_nohash_3.wav,six,57152045
six/57152045_nohash_1.wav,six,57152045
six/57152045_nohash_0.wav,six,57152045
six/57152045_nohash_2.wav,six,57152045
six/b69002d4_nohash_1.wav,six,b69002d4
six/b69002d4_nohash_3.wav,six,b69002d4
six/b69002d4_nohash_4.wav,six,b69002d4
six/b69002d4_nohash_0.wav,six,b69002d4
six/b69002d4_nohash_2.wav,six,b69002d4
six/5ebc1cda_nohash_4.wav,six,5ebc1cda
six/5ebc1cda_nohash_1.wav,six,5ebc1cda
six/5ebc1cda_nohash_3.wav,six,5ebc1cda
six/5ebc1cda_nohash_0.wav,six,5ebc1cda
six/5ebc1cda_nohash_2.wav,six,5ebc1cda
six/de3fe344_nohash_1.wav,six,de3fe344
six/de3fe344_nohash_4.wav,six,de3fe344
six/de3fe344_nohash_0.wav,six,de3fe344
six/de3fe344_nohash_2.wav,six,de3fe344
six/de3fe344_nohash_3.wav,six,de3fe344
six/c79159aa_nohash_2.wav,six,c79159aa
six/c79159aa_nohash_3.wav,six,c79159aa
six/c79159aa_nohash_0.wav,six,c79159aa
six/c79159aa_nohash_4.wav,six,c79159aa
six/c79159aa_nohash_1.wav,six,c79159aa
six/8e05039f_nohash_1.wav,six,8e05039f
six/8e05039f_nohash_3.wav,six,8e05039f
six/8e05039f_nohash_4.wav,six,8e05039f
six/8e05039f_nohash_2.wav,six,8e05039f
six/8e05039f_nohash_0.wav,six,8e05039f
six/e1469561_nohash_3.wav,six,e1469561
six/e1469561_nohash_2.wav,six,e1469561
six/e1469561_nohash_4.wav,six,e1469561
six/e1469561_nohash_0.wav,six,e1469561
six/e1469561_nohash_1.wav,six,e1469561
six/b97c9f77_nohash_0.wav,six,b97c9f77
six/b97c9f77_nohash_3.wav,six,b97c9f77
six/b97c9f77_nohash_4.wav,six,b97c9f77
six/b97c9f77_nohash_1.wav,six,b97c9f77
six/b97c9f77_nohash_2.wav,six,b97c9f77
six/56eb74ae_nohash_0.wav,six,56eb74ae
six/56eb74ae_nohash_4.wav,six,56eb74ae
six/56eb74ae_nohash_1.wav,six,56eb74ae
six/56eb74ae_nohash_2.wav,six,56eb74ae
six/56eb74ae_nohash_3.wav,six,56eb74ae
six/ddedba85_nohash_3.wav,six,ddedba85
six/ddedba85_nohash_5.wav,six,ddedba85
six/ddedba85_nohash_4.wav,six,ddedba85
six/ddedba85_nohash_6.wav,six,ddedba85
six/ddedba85_nohash_8.wav,six,ddedba85
six/893705bb_nohash_1.wav,six,893705bb
six/893705bb_nohash_5.wav,six,893705bb
six/893705bb_nohash_3.wav,six,893705bb
six/893705bb_nohash_2.wav,six,893705bb
six/893705bb_nohash_0.wav,six,893705bb
six/b66f4f93_nohash_7.wav,six,b66f4f93
six/b66f4f93_nohash_3.wav,six,b66f4f93
six/b66f4f93_nohash_2.wav,six,b66f4f93
six/b66f4f93_nohash_4.wav,six,b66f4f93
six/b66f4f93_nohash_5.wav,six,b66f4f93
six/fa57ab3b_nohash_1.wav,six,fa57ab3b
six/fa57ab3b_nohash_0.wav,six,fa57ab3b
six/fa57ab3b_nohash_3.wav,six,fa57ab3b
six/fa57ab3b_nohash_4.wav,six,fa57ab3b
six/fa57ab3b_nohash_2.wav,six,fa57ab3b
six/c22d3f18_nohash_4.wav,six,c22d3f18
six/c22d3f18_nohash_2.wav,six,c22d3f18
six/c22d3f18_nohash_0.wav,six,c22d3f18
six/c22d3f18_nohash_3.wav,six,c22d3f18
six/c22d3f18_nohash_1.wav,six,c22d3f18
six/324210dd_nohash_1.wav,six,324210dd
six/324210dd_nohash_2.wav,six,324210dd
six/324210dd_nohash_3.wav,six,324210dd
six/324210dd_nohash_0.wav,six,324210dd
six/324210dd_nohash_4.wav,six,324210dd
six/24befdb3_nohash_1.wav,six,24befdb3
six/24befdb3_nohash_2.wav,six,24befdb3
six/24befdb3_nohash_3.wav,six,24befdb3
six/24befdb3_nohash_4.wav,six,24befdb3
six/24befdb3_nohash_0.wav,six,24befdb3
six/b5cf6ea8_nohash_0.wav,six,b5cf6ea8
six/b5cf6ea8_nohash_5.wav,six,b5cf6ea8
six/b5cf6ea8_nohash_1.wav,six,b5cf6ea8
six/b5cf6ea8_nohash_2.wav,six,b5cf6ea8
six/b5cf6ea8_nohash_3.wav,six,b5cf6ea8
six/28e47b1a_nohash_4.wav,six,28e47b1a
six/28e47b1a_nohash_0.wav,six,28e47b1a
six/28e47b1a_nohash_1.wav,six,28e47b1a
six/28e47b1a_nohash_3.wav,six,28e47b1a
six/28e47b1a_nohash_2.wav,six,28e47b1a
six/cd7f8c1b_nohash_1.wav,six,cd7f8c1b
six/cd7f8c1b_nohash_0.wav,six,cd7f8c1b
six/cd7f8c1b_nohash_2.wav,six,cd7f8c1b
six/cd7f8c1b_nohash_4.wav,six,cd7f8c1b
six/cd7f8c1b_nohash_3.wav,six,cd7f8c1b
six/21832144_nohash_4.wav,six,21832144
six/21832144_nohash_1.wav,six,21832144
six/21832144_nohash_0.wav,six,21832144
six/21832144_nohash_3.wav,six,21832144
six/21832144_nohash_2.wav,six,21832144
six/72242187_nohash_3.wav,six,72242187
six/72242187_nohash_2.wav,six,72242187
six/72242187_nohash_1.wav,six,72242187
six/72242187_nohash_0.wav,six,72242187
six/72242187_nohash_4.wav,six,72242187
six/5b09db89_nohash_1.wav,six,5b09db89
six/5b09db89_nohash_3.wav,six,5b09db89
six/5b09db89_nohash_0.wav,six,5b09db89
six/5b09db89_nohash_4.wav,six,5b09db89
six/5b09db89_nohash_2.wav,six,5b09db89
six/c1d39ce8_nohash_2.wav,six,c1d39ce8
six/c1d39ce8_nohash_0.wav,six,c1d39ce8
six/c1d39ce8_nohash_5.wav,six,c1d39ce8
six/c1d39ce8_nohash_7.wav,six,c1d39ce8
six/c1d39ce8_nohash_6.wav,six,c1d39ce8
six/179a61b7_nohash_2.wav,six,179a61b7
six/179a61b7_nohash_0.wav,six,179a61b7
six/179a61b7_nohash_3.wav,six,179a61b7
six/179a61b7_nohash_1.wav,six,179a61b7
six/179a61b7_nohash_4.wav,six,179a61b7
six/229978fd_nohash_3.wav,six,229978fd
six/229978fd_nohash_4.wav,six,229978fd
six/229978fd_nohash_1.wav,six,229978fd
six/229978fd_nohash_0.wav,six,229978fd
six/229978fd_nohash_2.wav,six,229978fd
six/ef3367d9_nohash_2.wav,six,ef3367d9
six/ef3367d9_nohash_0.wav,six,ef3367d9
six/ef3367d9_nohash_1.wav,six,ef3367d9
six/ef3367d9_nohash_5.wav,six,ef3367d9
six/ef3367d9_nohash_6.wav,six,ef3367d9
six/f822b9bf_nohash_2.wav,six,f822b9bf
six/f822b9bf_nohash_3.wav,six,f822b9bf
six/f822b9bf_nohash_4.wav,six,f822b9bf
six/f822b9bf_nohash_1.wav,six,f822b9bf
six/f822b9bf_nohash_0.wav,six,f822b9bf
six/eb0676ec_nohash_4.wav,six,eb0676ec
six/eb0676ec_nohash_1.wav,six,eb0676ec
six/eb0676ec_nohash_2.wav,six,eb0676ec
six/eb0676ec_nohash_0.wav,six,eb0676ec
six/eb0676ec_nohash_3.wav,six,eb0676ec
six/4c6167ca_nohash_5.wav,six,4c6167ca
six/4c6167ca_nohash_4.wav,six,4c6167ca
six/4c6167ca_nohash_2.wav,six,4c6167ca
six/4c6167ca_nohash_1.wav,six,4c6167ca
six/4c6167ca_nohash_0.wav,six,4c6167ca
three/cce7416f_nohash_8.wav,three,cce7416f
three/cce7416f_nohash_7.wav,three,cce7416f
three/cce7416f_nohash_5.wav,three,cce7416f
three/cce7416f_nohash_2.wav,three,cce7416f
three/cce7416f_nohash_6.wav,three,cce7416f
three/25e95412_nohash_1.wav,three,25e95412
three/25e95412_nohash_3.wav,three,25e95412
three/25e95412_nohash_2.wav,three,25e95412
three/25e95412_nohash_5.wav,three,25e95412
three/25e95412_nohash_4.wav,three,25e95412
three/c1e0e8e3_nohash_1.wav,three,c1e0e8e3
three/c1e0e8e3_nohash_2.wav,three,c1e0e8e3
three/c1e0e8e3_nohash_3.wav,three,c1e0e8e3
three/c1e0e8e3_nohash_0.wav,three,c1e0e8e3
three/c1e0e8e3_nohash_4.wav,three,c1e0e8e3
three/2aca1e72_nohash_6.wav,three,2aca1e72
three/2aca1e72_nohash_1.wav,three,2aca1e72
three/2aca1e72_nohash_2.wav,three,2aca1e72
three/2aca1e72_nohash_9.wav,three,2aca1e72
three/2aca1e72_nohash_4.wav,three,2aca1e72
three/617de221_nohash_0.wav,three,617de221
three/617de221_nohash_4.wav,three,617de221
three/617de221_nohash_2.wav,three,617de221
three/617de221_nohash_1.wav,three,617de221
three/617de221_nohash_3.wav,three,617de221
three/964e8cfd_nohash_0.wav,three,964e8cfd
three/964e8cfd_nohash_2.wav,three,964e8cfd
three/964e8cfd_nohash_1.wav,three,964e8cfd
three/964e8cfd_nohash_4.wav,three,964e8cfd
three/964e8cfd_nohash_3.wav,three,964e8cfd
three/8134f43f_nohash_2.wav,three,8134f43f
three/8134f43f_nohash_3.wav,three,8134f43f
three/8134f43f_nohash_1.wav,three,8134f43f
three/8134f43f_nohash_0.wav,three,8134f43f
three/8134f43f_nohash_4.wav,three,8134f43f
three/1b4c9b89_nohash_3.wav,three,1b4c9b89
three/1b4c9b89_nohash_4.wav,three,1b4c9b89
three/1b4c9b89_nohash_1.wav,three,1b4c9b89
three/1b4c9b89_nohash_0.wav,three,1b4c9b89
three/1b4c9b89_nohash_2.wav,three,1b4c9b89
three/57152045_nohash_3.wav,three,57152045
three/57152045_nohash_2.wav,three,57152045
three/57152045_nohash_0.wav,three,57152045
three/57152045_nohash_4.wav,three,57152045
three/57152045_nohash_1.wav,three,57152045
three/b69002d4_nohash_0.wav,three,b69002d4
three/b69002d4_nohash_4.wav,three,b69002d4
three/b69002d4_nohash_2.wav,three,b69002d4
three/b69002d4_nohash_1.wav,three,b69002d4
three/b69002d4_nohash_3.wav,three,b69002d4
three/5ebc1cda_nohash_7.wav,three,5ebc1cda
three/5ebc1cda_nohash_2.wav,three,5ebc1cda
three/5ebc1cda_nohash_4.wav,three,5ebc1cda
three/5ebc1cda_nohash_5.wav,three,5ebc1cda
three/5ebc1cda_nohash_3.wav,three,5ebc1cda
three/de3fe344_nohash_2.wav,three,de3fe344
three/de3fe344_nohash_4.wav,three,de3fe344
three/de3fe344_nohash_1.wav,three,de3fe344
three/de3fe344_nohash_0.wav,three,de3fe344
three/de3fe344_nohash_3.wav,three,de3fe344
three/c79159aa_nohash_3.wav,three,c79159aa
three/c79159aa_nohash_2.wav,three,c79159aa
three/c79159aa_nohash_0.wav,three,c79159aa
three/c79159aa_nohash_1.wav,three,c79159aa
three/c79159aa_nohash_4.wav,three,c79159aa
three/8e05039f_nohash_4.wav,three,8e05039f
three/8e05039f_nohash_1.wav,three,8e05039f
three/8e05039f_nohash_2.wav,three,8e05039f
three/8e05039f_nohash_0.wav,three,8e05039f
three/8e05039f_nohash_3.wav,three,8e05039f
three/e1469561_nohash_4.wav,three,e1469561
three/e1469561_nohash_3.wav,three,e1469561
three/e1469561_nohash_1.wav,three,e1469561
three/e1469561_nohash_0.wav,three,e1469561
three/e1469561_nohash_2.wav,three,e1469561
three/b97c9f77_nohash_1.wav,three,b97c9f77
three/b97c9f77_nohash_4.wav,three,b97c9f77
three/b97c9f77_nohash_3.wav,three,b97c9f77
three/b97c9f77_nohash_0.wav,three,b97c9f77
three/b97c9f77_nohash_2.wav,three,b97c9f77
three/56eb74ae_nohash_1.wav,three,56eb74ae
three/56eb74ae_nohash_3.wav,three,56eb74ae
three/56eb74ae_nohash_0.wav,three,56eb74ae
three/56eb74ae_nohash_2.wav,three,56eb74ae
three/56eb74ae_nohash_4.wav,three,56eb74ae
three/ddedba85_nohash_1.wav,three,ddedba85
three/ddedba85_nohash_5.wav,three,ddedba85
three/ddedba85_nohash_3.wav,three,ddedba85
three/ddedba85_nohash_0.wav,three,ddedba85
three/ddedba85_nohash_2.wav,three,ddedba85
three/893705bb_nohash_4.wav,three,893705bb
three/893705bb_nohash_3.wav,three,893705bb
three/893705bb_nohash_0.wav,three,893705bb
three/893705bb_nohash_2.wav,three,893705bb
three/893705bb_nohash_1.wav,three,893705bb
three/b66f4f93_nohash_1.wav,three,b66f4f93
three/b66f4f93_nohash_5.wav,three,b66f4f93
three/b66f4f93_nohash_3.wav,three,b66f4f93
three/b66f4f93_nohash_0.wav,three,b66f4f93
three/b66f4f93_nohash_6.wav,three,b66f4f93
three/fa57ab3b_nohash_4.wav,three,fa57ab3b
three/fa57ab3b_nohash_2.wav,three,fa57ab3b
three/fa57ab3b_nohash_0.wav,three,fa57ab3b
three/fa57ab3b_nohash_1.wav,three,fa57ab3b
three/fa57ab3b_nohash_3.wav,three,fa57ab3b
three/c22d3f18_nohash_1.wav,three,c22d3f18
three/c22d3f18_nohash_3.wav,three,c22d3f18
three/c22d3f18_nohash_0.wav,three,c22d3f18
three/c22d3f18_nohash_4.wav,three,c22d3f18
three/c22d3f18_nohash_2.wav,three,c22d3f18
three/324210dd_nohash_1.wav,three,324210dd
three/324210dd_nohash_0.wav,three,324210dd
three/324210dd_nohash_4.wav,three,324210dd
three/324210dd_nohash_3.wav,three,324210dd
three/324210dd_nohash_2.wav,three,324210dd
three/24befdb3_nohash_0.wav,three,24befdb3
three/24befdb3_nohash_3.wav,three,24befdb3
three/24befdb3_nohash_2.wav,three,24befdb3
three/24befdb3_nohash_4.wav,three,24befdb3
three/24befdb3_nohash_1.wav,three,24befdb3
three/b5cf6ea8_nohash_3.wav,three,b5cf6ea8
three/b5cf6ea8_nohash_4.wav,three,b5cf6ea8
three/b5cf6ea8_nohash_1.wav,three,b5cf6ea8
three/b5cf6ea8_nohash_5.wav,three,b5cf6ea8
three/b5cf6ea8_nohash_7.wav,three,b5cf6ea8
three/28e47b1a_nohash_3.wav,three,28e47b1a
three/28e47b1a_nohash_2.wav,three,28e47b1a
three/28e47b1a_nohash_1.wav,three,28e47b1a
three/28e47b1a_nohash_0.wav,three,28e47b1a
three/28e47b1a_nohash_4.wav,three,28e47b1a
three/cd7f8c1b_nohash_4.wav,three,cd7f8c1b
three/cd7f8c1b_nohash_0.wav,three,cd7f8c1b
three/cd7f8c1b_nohash_3.wav,three,cd7f8c1b
three/cd7f8c1b_nohash_1.wav,three,cd7f8c1b
three/cd7f8c1b_nohash_2.wav,three,cd7f8c1b
three/21832144_nohash_1.wav,three,21832144
three/21832144_nohash_4.wav,three,21832144
three/21832144_nohash_3.wav,three,21832144
three/21832144_nohash_0.wav,three,21832144
three/21832144_nohash_2.wav,three,21832144
three/72242187_nohash_1.wav,three,72242187
three/72242187_nohash_2.wav,three,72242187
three/72242187_nohash_3.wav,three,72242187
three/72242187_nohash_0.wav,three,72242187
three/72242187_nohash_4.wav,three,72242187
three/5b09db89_nohash_2.wav,three,5b09db89
three/5b09db89_nohash_3.wav,three,5b09db89
three/5b09db89_nohash_4.wav,three,5b09db89
three/5b09db89_nohash_0.wav,three,5b09db89
three/5b09db89_nohash_1.wav,three,5b09db89
three/c1d39ce8_nohash_8.wav,three,c1d39ce8
three/c1d39ce8_nohash_0.wav,three,c1d39ce8
three/c1d39ce8_nohash_3.wav,three,c1d39ce8
three/c1d39ce8_nohash_7.wav,three,c1d39ce8
three/c1d39ce8_nohash_1.wav,three,c1d39ce8
three/179a61b7_nohash_1.wav,three,179a61b7
three/179a61b7_nohash_4.wav,three,179a61b7
three/179a61b7_nohash_3.wav,three,179a61b7
three/179a61b7_nohash_2.wav,three,179a61b7
three/179a61b7_nohash_0.wav,three,179a61b7
three/229978fd_nohash_3.wav,three,229978fd
three/229978fd_nohash_0.wav,three,229978fd
three/229978fd_nohash_1.wav,three,229978fd
three/229978fd_nohash_4.wav,three,229978fd
three/229978fd_nohash_2.wav,three,229978fd
three/ef3367d9_nohash_4.wav,three,ef3367d9
three/ef3367d9_nohash_5.wav,three,ef3367d9
three/ef3367d9_nohash_6.wav,three,ef3367d9
three/ef3367d9_nohash_1.wav,three,ef3367d9
three/ef3367d9_nohash_0.wav,three,ef3367d9
three/f822b9bf_nohash_1.wav,three,f822b9bf
three/f822b9bf_nohash_4.wav,three,f822b9bf
three/f822b9bf_nohash_2.wav,three,f822b9bf
three/f822b9bf_nohash_0.wav,three,f822b9bf
three/f822b9bf_nohash_3.wav,three,f822b9bf
three/eb0676ec_nohash_0.wav,three,eb0676ec
three/eb0676ec_nohash_1.wav,three,eb0676ec
three/eb0676ec_nohash_3.wav,three,eb0676ec
three/eb0676ec_nohash_4.wav,three,eb0676ec
three/eb0676ec_nohash_2.wav,three,eb0676ec
three/4c6167ca_nohash_7.wav,three,4c6167ca
three/4c6167ca_nohash_0.wav,three,4c6167ca
three/4c6167ca_nohash_8.wav,three,4c6167ca
three/4c6167ca_nohash_2.wav,three,4c6167ca
three/4c6167ca_nohash_3.wav,three,4c6167ca
two/cce7416f_nohash_14.wav,two,cce7416f
two/cce7416f_nohash_9.wav,two,cce7416f
two/cce7416f_nohash_5.wav,two,cce7416f
two/cce7416f_nohash_11.wav,two,cce7416f
two/cce7416f_nohash_13.wav,two,cce7416f
two/25e95412_nohash_3.wav,two,25e95412
two/25e95412_nohash_2.wav,two,25e95412
two/25e95412_nohash_5.wav,two,25e95412
two/25e95412_nohash_0.wav,two,25e95412
two/25e95412_nohash_4.wav,two,25e95412
two/c1e0e8e3_nohash_3.wav,two,c1e0e8e3
two/c1e0e8e3_nohash_4.wav,two,c1e0e8e3
two/c1e0e8e3_nohash_1.wav,two,c1e0e8e3
two/c1e0e8e3_nohash_2.wav,two,c1e0e8e3
two/c1e0e8e3_nohash_0.wav,two,c1e0e8e3
two/2aca1e72_nohash_7.wav,two,2aca1e72
two/2aca1e72_nohash_2.wav,two,2aca1e72
two/2aca1e72_nohash_0.wav,two,2aca1e72
two/2aca1e72_nohash_12.wav,two,2aca1e72
two/2aca1e72_nohash_11.wav,two,2aca1e72
two/617de221_nohash_0.wav,two,617de221
two/617de221_nohash_1.wav,two,617de221
two/617de221_nohash_4.wav,two,617de221
two/617de221_nohash_2.wav,two,617de221
two/617de221_nohash_3.wav,two,617de221
two/964e8cfd_nohash_2.wav,two,964e8cfd
two/964e8cfd_nohash_1.wav,two,964e8cfd
two/964e8cfd_nohash_0.wav,two,964e8cfd
two/964e8cfd_nohash_4.wav,two,964e8cfd
two/964e8cfd_nohash_3.wav,two,964e8cfd
two/8134f43f_nohash_3.wav,two,8134f43f
two/8134f43f_nohash_2.wav,two,8134f43f
two/8134f43f_nohash_1.wav,two,8134f43f
two/8134f43f_nohash_4.wav,two,8134f43f
two/8134f43f_nohash_0.wav,two,8134f43f
two/1b4c9b89_nohash_0.wav,two,1b4c9b89
two/1b4c9b89_nohash_1.wav,two,1b4c9b89
two/1b4c9b89_nohash_3.wav,two,1b4c9b89
two/1b4c9b89_nohash_4.wav,two,1b4c9b89
two/1b4c9b89_nohash_2.wav,two,1b4c9b89
two/57152045_nohash_5.wav,two,57152045
two/57152045_nohash_1.wav,two,57152045
two/57152045_nohash_0.wav,two,57152045
two/57152045_nohash_3.wav,two,57152045
two/57152045_nohash_4.wav,two,57152045
two/b69002d4_nohash_4.wav,two,b69002d4
two/b69002d4_nohash_1.wav,two,b69002d4
two/b69002d4_nohash_0.wav,two,b69002d4
two/b69002d4_nohash_3.wav,two,b69002d4
two/b69002d4_nohash_2.wav,two,b69002d4
two/5ebc1cda_nohash_2.wav,two,5ebc1cda
two/5ebc1cda_nohash_1.wav,two,5ebc1cda
two/5ebc1cda_nohash_0.wav,two,5ebc1cda
two/5ebc1cda_nohash_5.wav,two,5ebc1cda
two/5ebc1cda_nohash_3.wav,two,5ebc1cda
two/de3fe344_nohash_2.wav,two,de3fe344
two/de3fe344_nohash_3.wav,two,de3fe344
two/de3fe344_nohash_1.wav,two,de3fe344
two/de3fe344_nohash_0.wav,two,de3fe344
two/de3fe344_nohash_4.wav,two,de3fe344
two/c79159aa_nohash_1.wav,two,c79159aa
two/c79159aa_nohash_0.wav,two,c79159aa
two/c79159aa_nohash_4.wav,two,c79159aa
two/c79159aa_nohash_3.wav,two,c79159aa
two/c79159aa_nohash_2.wav,two,c79159aa
two/8e05039f_nohash_4.wav,two,8e05039f
two/8e05039f_nohash_2.wav,two,8e05039f
two/8e05039f_nohash_3.wav,two,8e05039f
two/8e05039f_nohash_0.wav,two,8e05039f
two/8e05039f_nohash_1.wav,two,8e05039f
two/e1469561_nohash_4.wav,two,e1469561
two/e1469561_nohash_1.wav,two,e1469561
two/e1469561_nohash_0.wav,two,e1469561
two/e1469561_nohash_2.wav,two,e1469561
two/e1469561_nohash_3.wav,two,e1469561
two/b97c9f77_nohash_1.wav,two,b97c9f77
two/b97c9f77_nohash_0.wav,two,b97c9f77
two/b97c9f77_nohash_2.wav,two,b97c9f77
two/b97c9f77_nohash_3.wav,two,b97c9f77
two/b97c9f77_nohash_4.wav,two,b97c9f77
two/56eb74ae_nohash_1.wav,two,56eb74ae
two/56eb74ae_nohash_0.wav,two,56eb74ae
two/56eb74ae_nohash_2.wav,two,56eb74ae
two/56eb74ae_nohash_3.wav,two,56eb74ae
two/56eb74ae_nohash_4.wav,two,56eb74ae
two/ddedba85_nohash_5.wav,two,ddedba85
two/ddedba85_nohash_1.wav,two,ddedba85
two/ddedba85_nohash_4.wav,two,ddedba85
two/ddedba85_nohash_3.wav,two,ddedba85
two/ddedba85_nohash_2.wav,two,ddedba85
two/893705bb_nohash_5.wav,two,893705bb
two/893705bb_nohash_3.wav,two,893705bb
two/893705bb_nohash_0.wav,two,893705bb
two/893705bb_nohash_6.wav,two,893705bb
two/893705bb_nohash_9.wav,two,893705bb
two/b66f4f93_nohash_5.wav,two,b66f4f93
two/b66f4f93_nohash_0.wav,two,b66f4f93
two/b66f4f93_nohash_7.wav,two,b66f4f93
two/b66f4f93_nohash_1.wav,two,b66f4f93
two/b66f4f93_nohash_4.wav,two,b66f4f93
two/fa57ab3b_nohash_3.wav,two,fa57ab3b
two/fa57ab3b_nohash_0.wav,two,fa57ab3b
two/fa57ab3b_nohash_4.wav,two,fa57ab3b
two/fa57ab3b_nohash_2.wav,two,fa57ab3b
two/fa57ab3b_nohash_1.wav,two,fa57ab3b
two/c22d3f18_nohash_2.wav,two,c22d3f18
two/c22d3f18_nohash_1.wav,two,c22d3f18
two/c22d3f18_nohash_4.wav,two,c22d3f18
two/c22d3f18_nohash_0.wav,two,c22d3f18
two/c22d3f18_nohash_3.wav,two,c22d3f18
two/324210dd_nohash_0.wav,two,324210dd
two/324210dd_nohash_2.wav,two,324210dd
two/324210dd_nohash_4.wav,two,324210dd
two/324210dd_nohash_1.wav,two,324210dd
two/324210dd_nohash_3.wav,two,324210dd
two/24befdb3_nohash_0.wav,two,24befdb3
two/24befdb3_nohash_3.wav,two,24befdb3
two/24befdb3_nohash_1.wav,two,24befdb3
two/24befdb3_nohash_4.wav,two,24befdb3
two/24befdb3_nohash_2.wav,two,24befdb3
two/b5cf6ea8_nohash_1.wav,two,b5cf6ea8
two/b5cf6ea8_nohash_8.wav,two,b5cf6ea8
two/b5cf6ea8_nohash_0.wav,two,b5cf6ea8
two/b5cf6ea8_nohash_5.wav,two,b5cf6ea8
two/b5cf6ea8_nohash_7.wav,two,b5cf6ea8
two/28e47b1a_nohash_4.wav,two,28e47b1a
two/28e47b1a_nohash_1.wav,two,28e47b1a
two/28e47b1a_nohash_2.wav,two,28e47b1a
two/28e47b1a_nohash_3.wav,two,28e47b1a
two/28e47b1a_nohash_0.wav,two,28e47b1a
two/cd7f8c1b_nohash_1.wav,two,cd7f8c1b
two/cd7f8c1b_nohash_0.wav,two,cd7f8c1b
two/cd7f8c1b_nohash_2.wav,two,cd7f8c1b
two/cd7f8c1b_nohash_4.wav,two,cd7f8c1b
two/cd7f8c1b_nohash_3.wav,two,cd7f8c1b
two/21832144_nohash_2.wav,two,21832144
two/21832144_nohash_3.wav,two,21832144
two/21832144_nohash_0.wav,two,21832144
two/21832144_nohash_4.wav,two,21832144
two/21832144_nohash_1.wav,two,21832144
two/72242187_nohash_3.wav,two,72242187
two/72242187_nohash_0.wav,two,72242187
two/72242187_nohash_4.wav,two,72242187
two/72242187_nohash_1.wav,two,72242187
two/72242187_nohash_2.wav,two,72242187
two/5b09db89_nohash_3.wav,two,5b09db89
two/5b09db89_nohash_2.wav,two,5b09db89
two/5b09db89_nohash_4.wav,two,5b09db89
two/5b09db89_nohash_0.wav,two,5b09db89
two/5b09db89_nohash_1.wav,two,5b09db89
two/c1d39ce8_nohash_4.wav,two,c1d39ce8
two/c1d39ce8_nohash_7.wav,two,c1d39ce8
two/c1d39ce8_nohash_3.wav,two,c1d39ce8
two/c1d39ce8_nohash_5.wav,two,c1d39ce8
two/c1d39ce8_nohash_6.wav,two,c1d39ce8
two/179a61b7_nohash_1.wav,two,179a61b7
two/179a61b7_nohash_3.wav,two,179a61b7
two/179a61b7_nohash_0.wav,two,179a61b7
two/179a61b7_nohash_4.wav,two,179a61b7
two/179a61b7_nohash_2.wav,two,179a61b7
two/229978fd_nohash_0.wav,two,229978fd
two/229978fd_nohash_3.wav,two,229978fd
two/229978fd_nohash_4.wav,two,229978fd
two/229978fd_nohash_2.wav,two,229978fd
two/229978fd_nohash_1.wav,two,229978fd
two/ef3367d9_nohash_2.wav,two,ef3367d9
two/ef3367d9_nohash_1.wav,two,ef3367d9
two/ef3367d9_nohash_5.wav,two,ef3367d9
two/ef3367d9_nohash_0.wav,two,ef3367d9
two/ef3367d9_nohash_3.wav,two,ef3367d9
two/f822b9bf_nohash_3.wav,two,f822b9bf
two/f822b9bf_nohash_4.wav,two,f822b9bf
two/f822b9bf_nohash_0.wav,two,f822b9bf
two/f822b9bf_nohash_2.wav,two,f822b9bf
two/f822b9bf_nohash_1.wav,two,f822b9bf
two/eb0676ec_nohash_1.wav,two,eb0676ec
two/eb0676ec_nohash_3.wav,two,eb0676ec
two/eb0676ec_nohash_4.wav,two,eb0676ec
two/eb0676ec_nohash_0.wav,two,eb0676ec
two/eb0676ec_nohash_2.wav,two,eb0676ec
two/4c6167ca_nohash_0.wav,two,4c6167ca
two/4c6167ca_nohash_4.wav,two,4c6167ca
two/4c6167ca_nohash_2.wav,two,4c6167ca
two/4c6167ca_nohash_1.wav,two,4c6167ca
two/4c6167ca_nohash_3.wav,two,4c6167ca
zero/cce7416f_nohash_2.wav,zero,cce7416f
zero/cce7416f_nohash_4.wav,zero,cce7416f
zero/cce7416f_nohash_3.wav,zero,cce7416f
zero/cce7416f_nohash_8.wav,zero,cce7416f
zero/cce7416f_nohash_5.wav,zero,cce7416f
zero/25e95412_nohash_2.wav,zero,25e95412
zero/25e95412_nohash_0.wav,zero,25e95412
zero/25e95412_nohash_3.wav,zero,25e95412
zero/25e95412_nohash_4.wav,zero,25e95412
zero/25e95412_nohash_1.wav,zero,25e95412
zero/c1e0e8e3_nohash_2.wav,zero,c1e0e8e3
zero/c1e0e8e3_nohash_4.wav,zero,c1e0e8e3
zero/c1e0e8e3_nohash_0.wav,zero,c1e0e8e3
zero/c1e0e8e3_nohash_1.wav,zero,c1e0e8e3
zero/c1e0e8e3_nohash_3.wav,zero,c1e0e8e3
zero/2aca1e72_nohash_4.wav,zero,2aca1e72
zero/2aca1e72_nohash_2.wav,zero,2aca1e72
zero/2aca1e72_nohash_1.wav,zero,2aca1e72
zero/2aca1e72_nohash_3.wav,zero,2aca1e72
zero/2aca1e72_nohash_0.wav,zero,2aca1e72
zero/617de221_nohash_3.wav,zero,617de221
zero/617de221_nohash_1.wav,zero,617de221
zero/617de221_nohash_2.wav,zero,617de221
zero/617de221_nohash_4.wav,zero,617de221
zero/617de221_nohash_0.wav,zero,617de221
zero/964e8cfd_nohash_4.wav,zero,964e8cfd
zero/964e8cfd_nohash_2.wav,zero,964e8cfd
zero/964e8cfd_nohash_0.wav,zero,964e8cfd
zero/964e8cfd_nohash_3.wav,zero,964e8cfd
zero/964e8cfd_nohash_1.wav,zero,964e8cfd
zero/8134f43f_nohash_0.wav,zero,8134f43f
zero/8134f43f_nohash_3.wav,zero,8134f43f
zero/8134f43f_nohash_1.wav,zero,8134f43f
zero/8134f43f_nohash_2.wav,zero,8134f43f
zero/8134f43f_nohash_4.wav,zero,8134f43f
zero/1b4c9b89_nohash_4.wav,zero,1b4c9b89
zero/1b4c9b89_nohash_3.wav,zero,1b4c9b89
zero/1b4c9b89_nohash_0.wav,zero,1b4c9b89
zero/1b4c9b89_nohash_2.wav,zero,1b4c9b89
zero/1b4c9b89_nohash_1.wav,zero,1b4c9b89
zero/57152045_nohash_4.wav,zero,57152045
zero/57152045_nohash_2.wav,zero,57152045
zero/57152045_nohash_1.wav,zero,57152045
zero/57152045_nohash_3.wav,zero,57152045
zero/57152045_nohash_0.wav,zero,57152045
zero/b69002d4_nohash_4.wav,zero,b69002d4
zero/b69002d4_nohash_3.wav,zero,b69002d4
zero/b69002d4_nohash_2.wav,zero,b69002d4
zero/b69002d4_nohash_0.wav,zero,b69002d4
zero/b69002d4_nohash_1.wav,zero,b69002d4
zero/5ebc1cda_nohash_0.wav,zero,5ebc1cda
zero/5ebc1cda_nohash_6.wav,zero,5ebc1cda
zero/5ebc1cda_nohash_7.wav,zero,5ebc1cda
zero/5ebc1cda_nohash_1.wav,zero,5ebc1cda
zero/5ebc1cda_nohash_8.wav,zero,5ebc1cda
zero/de3fe344_nohash_2.wav,zero,de3fe344
zero/de3fe344_nohash_1.wav,zero,de3fe344
zero/de3fe344_nohash_0.wav,zero,de3fe344
zero/de3fe344_nohash_3.wav,zero,de3fe344
zero/de3fe344_nohash_4.wav,zero,de3fe344
zero/c79159aa_nohash_0.wav,zero,c79159aa
zero/c79159aa_nohash_1.wav,zero,c79159aa
zero/c79159aa_nohash_3.wav,zero,c79159aa
zero/c79159aa_nohash_4.wav,zero,c79159aa
zero/c79159aa_nohash_2.wav,zero,c79159aa
zero/8e05039f_nohash_3.wav,zero,8e05039f
zero/8e05039f_nohash_0.wav,zero,8e05039f
zero/8e05039f_nohash_4.wav,zero,8e05039f
zero/8e05039f_nohash_1.wav,zero,8e05039f
zero/8e05039f_nohash_2.wav,zero,8e05039f
zero/e1469561_nohash_1.wav,zero,e1469561
zero/e1469561_nohash_0.wav,zero,e1469561
zero/e1469561_nohash_4.wav,zero,e1469561
zero/e1469561_nohash_2.wav,zero,e1469561
zero/e1469561_nohash_3.wav,zero,e1469561
zero/b97c9f77_nohash_4.wav,zero,b97c9f77
zero/b97c9f77_nohash_2.wav,zero,b97c9f77
zero/b97c9f77_nohash_1.wav,zero,b97c9f77
zero/b97c9f77_nohash_0.wav,zero,b97c9f77
zero/b97c9f77_nohash_3.wav,zero,b97c9f77
zero/56eb74ae_nohash_0.wav,zero,56eb74ae
zero/56eb74ae_nohash_2.wav,zero,56eb74ae
zero/56eb74ae_nohash_1.wav,zero,56eb74ae
zero/56eb74ae_nohash_4.wav,zero,56eb74ae
zero/56eb74ae_nohash_3.wav,zero,56eb74ae
zero/ddedba85_nohash_7.wav,zero,ddedba85
zero/ddedba85_nohash_3.wav,zero,ddedba85
zero/ddedba85_nohash_8.wav,zero,ddedba85
zero/ddedba85_nohash_1.wav,zero,ddedba85
zero/ddedba85_nohash_5.wav,zero,ddedba85
zero/893705bb_nohash_9.wav,zero,893705bb
zero/893705bb_nohash_3.wav,zero,893705bb
zero/893705bb_nohash_1.wav,zero,893705bb
zero/893705bb_nohash_6.wav,zero,893705bb
zero/893705bb_nohash_0.wav,zero,893705bb
zero/b66f4f93_nohash_5.wav,zero,b66f4f93
zero/b66f4f93_nohash_0.wav,zero,b66f4f93
zero/b66f4f93_nohash_7.wav,zero,b66f4f93
zero/b66f4f93_nohash_4.wav,zero,b66f4f93
zero/b66f4f93_nohash_3.wav,zero,b66f4f93
zero/fa57ab3b_nohash_3.wav,zero,fa57ab3b
zero/fa57ab3b_nohash_2.wav,zero,fa57ab3b
zero/fa57ab3b_nohash_0.wav,zero,fa57ab3b
zero/fa57ab3b_nohash_4.wav,zero,fa57ab3b
zero/fa57ab3b_nohash_1.wav,zero,fa57ab3b
zero/c22d3f18_nohash_2.wav,zero,c22d3f18
zero/c22d3f18_nohash_3.wav,zero,c22d3f18
zero/c22d3f18_nohash_1.wav,zero,c22d3f18
zero/c22d3f18_nohash_4.wav,zero,c22d3f18
zero/c22d3f18_nohash_0.wav,zero,c22d3f18
zero/324210dd_nohash_2.wav,zero,324210dd
zero/324210dd_nohash_0.wav,zero,324210dd
zero/324210dd_nohash_3.wav,zero,324210dd
zero/324210dd_nohash_4.wav,zero,324210dd
zero/324210dd_nohash_1.wav,zero,324210dd
zero/24befdb3_nohash_4.wav,zero,24befdb3
zero/24befdb3_nohash_1.wav,zero,24befdb3
zero/24befdb3_nohash_2.wav,zero,24befdb3
zero/24befdb3_nohash_0.wav,zero,24befdb3
zero/24befdb3_nohash_3.wav,zero,24befdb3
zero/b5cf6ea8_nohash_2.wav,zero,b5cf6ea8
zero/b5cf6ea8_nohash_9.wav,zero,b5cf6ea8
zero/b5cf6ea8_nohash_4.wav,zero,b5cf6ea8
zero/b5cf6ea8_nohash_5.wav,zero,b5cf6ea8
zero/b5cf6ea8_nohash_8.wav,zero,b5cf6ea8
zero/28e47b1a_nohash_3.wav,zero,28e47b1a
zero/28e47b1a_nohash_0.wav,zero,28e47b1a
zero/28e47b1a_nohash_1.wav,zero,28e47b1a
zero/28e47b1a_nohash_4.wav,zero,28e47b1a
zero/28e47b1a_nohash_2.wav,zero,28e47b1a
zero/cd7f8c1b_nohash_3.wav,zero,cd7f8c1b
zero/cd7f8c1b_nohash_1.wav,zero,cd7f8c1b
zero/cd7f8c1b_nohash_4.wav,zero,cd7f8c1b
zero/cd7f8c1b_nohash_0.wav,zero,cd7f8c1b
zero/cd7f8c1b_nohash_2.wav,zero,cd7f8c1b
zero/21832144_nohash_1.wav,zero,21832144
zero/21832144_nohash_3.wav,zero,21832144
zero/21832144_nohash_2.wav,zero,21832144
zero/21832144_nohash_0.wav,zero,21832144
zero/21832144_nohash_4.wav,zero,21832144
zero/72242187_nohash_2.wav,zero,72242187
zero/72242187_nohash_3.wav,zero,72242187
zero/72242187_nohash_4.wav,zero,72242187
zero/72242187_nohash_0.wav,zero,72242187
zero/72242187_nohash_1.wav,zero,72242187
zero/5b09db89_nohash_3.wav,zero,5b09db89
zero/5b09db89_nohash_1.wav,zero,5b09db89
zero/5b09db89_nohash_0.wav,zero,5b09db89
zero/5b09db89_nohash_2.wav,zero,5b09db89
zero/5b09db89_nohash_4.wav,zero,5b09db89
zero/c1d39ce8_nohash_2.wav,zero,c1d39ce8
zero/c1d39ce8_nohash_7.wav,zero,c1d39ce8
zero/c1d39ce8_nohash_3.wav,zero,c1d39ce8
zero/c1d39ce8_nohash_0.wav,zero,c1d39ce8
zero/c1d39ce8_nohash_9.wav,zero,c1d39ce8
zero/179a61b7_nohash_4.wav,zero,179a61b7
zero/179a61b7_nohash_1.wav,zero,179a61b7
zero/179a61b7_nohash_3.wav,zero,179a61b7
zero/179a61b7_nohash_0.wav,zero,179a61b7
zero/179a61b7_nohash_2.wav,zero,179a61b7
zero/229978fd_nohash_1.wav,zero,229978fd
zero/229978fd_nohash_4.wav,zero,229978fd
zero/229978fd_nohash_0.wav,zero,229978fd
zero/229978fd_nohash_2.wav,zero,229978fd
zero/229978fd_nohash_3.wav,zero,229978fd
zero/ef3367d9_nohash_3.wav,zero,ef3367d9
zero/ef3367d9_nohash_0.wav,zero,ef3367d9
zero/ef3367d9_nohash_2.wav,zero,ef3367d9
zero/ef3367d9_nohash_1.wav,zero,ef3367d9
zero/ef3367d9_nohash_5.wav,zero,ef3367d9
zero/f822b9bf_nohash_2.wav,zero,f822b9bf
zero/f822b9bf_nohash_4.wav,zero,f822b9bf
zero/f822b9bf_nohash_1.wav,zero,f822b9bf
zero/f822b9bf_nohash_3.wav,zero,f822b9bf
zero/f822b9bf_nohash_0.wav,zero,f822b9bf
zero/eb0676ec_nohash_4.wav,zero,eb0676ec
zero/eb0676ec_nohash_2.wav,zero,eb0676ec
zero/eb0676ec_nohash_1.wav,zero,eb0676ec
zero/eb0676ec_nohash_3.wav,zero,eb0676ec
zero/eb0676ec_nohash_0.wav,zero,eb0676ec
zero/4c6167ca_nohash_5.wav,zero,4c6167ca
zero/4c6167ca_nohash_7.wav,zero,4c6167ca
zero/4c6167ca_nohash_2.wav,zero,4c6167ca
zero/4c6167ca_nohash_4.wav,zero,4c6167ca
zero/4c6167ca_nohash_1.wav,zero,4c6167ca
eight/cce7416f_nohash_2.wav,eight,cce7416f
eight/cce7416f_nohash_5.wav,eight,cce7416f
eight/cce7416f_nohash_9.wav,eight,cce7416f
eight/cce7416f_nohash_7.wav,eight,cce7416f
eight/cce7416f_nohash_4.wav,eight,cce7416f
eight/25e95412_nohash_2.wav,eight,25e95412
eight/25e95412_nohash_1.wav,eight,25e95412
eight/25e95412_nohash_4.wav,eight,25e95412
eight/25e95412_nohash_3.wav,eight,25e95412
eight/25e95412_nohash_0.wav,eight,25e95412
eight/c1e0e8e3_nohash_2.wav,eight,c1e0e8e3
eight/c1e0e8e3_nohash_0.wav,eight,c1e0e8e3
eight/c1e0e8e3_nohash_4.wav,eight,c1e0e8e3
eight/c1e0e8e3_nohash_1.wav,eight,c1e0e8e3
eight/c1e0e8e3_nohash_3.wav,eight,c1e0e8e3
eight/2aca1e72_nohash_1.wav,eight,2aca1e72
eight/2aca1e72_nohash_10.wav,eight,2aca1e72
eight/2aca1e72_nohash_5.wav,eight,2aca1e72
eight/2aca1e72_nohash_9.wav,eight,2aca1e72
eight/2aca1e72_nohash_8.wav,eight,2aca1e72
eight/617de221_nohash_1.wav,eight,617de221
eight/617de221_nohash_4.wav,eight,617de221
eight/617de221_nohash_3.wav,eight,617de221
eight/617de221_nohash_2.wav,eight,617de221
eight/617de221_nohash_0.wav,eight,617de221
eight/964e8cfd_nohash_3.wav,eight,964e8cfd
eight/964e8cfd_nohash_0.wav,eight,964e8cfd
eight/964e8cfd_nohash_1.wav,eight,964e8cfd
eight/964e8cfd_nohash_2.wav,eight,964e8cfd
eight/964e8cfd_nohash_4.wav,eight,964e8cfd
eight/8134f43f_nohash_0.wav,eight,8134f43f
eight/8134f43f_nohash_2.wav,eight,8134f43f
eight/8134f43f_nohash_4.wav,eight,8134f43f
eight/8134f43f_nohash_3.wav,eight,8134f43f
eight/8134f43f_nohash_1.wav,eight,8134f43f
eight/1b4c9b89_nohash_1.wav,eight,1b4c9b89
eight/1b4c9b89_nohash_3.wav,eight,1b4c9b89
eight/1b4c9b89_nohash_4.wav,eight,1b4c9b89
eight/1b4c9b89_nohash_2.wav,eight,1b4c9b89
eight/1b4c9b89_nohash_0.wav,eight,1b4c9b89
eight/57152045_nohash_4.wav,eight,57152045
eight/57152045_nohash_5.wav,eight,57152045
eight/57152045_nohash_2.wav,eight,57152045
eight/57152045_nohash_3.wav,eight,57152045
eight/57152045_nohash_1.wav,eight,57152045
eight/b69002d4_nohash_1.wav,eight,b69002d4
eight/b69002d4_nohash_2.wav,eight,b69002d4
eight/b69002d4_nohash_4.wav,eight,b69002d4
eight/b69002d4_nohash_3.wav,eight,b69002d4
eight/b69002d4_nohash_0.wav,eight,b69002d4
eight/5ebc1cda_nohash_4.wav,eight,5ebc1cda
eight/5ebc1cda_nohash_2.wav,eight,5ebc1cda
eight/5ebc1cda_nohash_0.wav,eight,5ebc1cda
eight/5ebc1cda_nohash_1.wav,eight,5ebc1cda
eight/5ebc1cda_nohash_3.wav,eight,5ebc1cda
eight/de3fe344_nohash_0.wav,eight,de3fe344
eight/de3fe344_nohash_3.wav,eight,de3fe344
eight/de3fe344_nohash_1.wav,eight,de3fe344
eight/de3fe344_nohash_4.wav,eight,de3fe344
eight/de3fe344_nohash_2.wav,eight,de3fe344
eight/c79159aa_nohash_3.wav,eight,c79159aa
eight/c79159aa_nohash_2.wav,eight,c79159aa
eight/c79159aa_nohash_0.wav,eight,c79159aa
eight/c79159aa_nohash_4.wav,eight,c79159aa
eight/c79159aa_nohash_1.wav,eight,c79159aa
eight/8e05039f_nohash_2.wav,eight,8e05039f
eight/8e05039f_nohash_0.wav,eight,8e05039f
eight/8e05039f_nohash_4.wav,eight,8e05039f
eight/8e05039f_nohash_3.wav,eight,8e05039f
eight/8e05039f_nohash_1.wav,eight,8e05039f
eight/e1469561_nohash_3.wav,eight,e1469561
eight/e1469561_nohash_2.wav,eight,e1469561
eight/e1469561_nohash_0.wav,eight,e1469561
eight/e1469561_nohash_4.wav,eight,e1469561
eight/e1469561_nohash_1.wav,eight,e1469561
eight/b97c9f77_nohash_4.wav,eight,b97c9f77
eight/b97c9f77_nohash_2.wav,eight,b97c9f77
eight/b97c9f77_nohash_0.wav,eight,b97c9f77
eight/b97c9f77_nohash_3.wav,eight,b97c9f77
eight/b97c9f77_nohash_1.wav,eight,b97c9f77
eight/56eb74ae_nohash_2.wav,eight,56eb74ae
eight/56eb74ae_nohash_1.wav,eight,56eb74ae
eight/56eb74ae_nohash_4.wav,eight,56eb74ae
eight/56eb74ae_nohash_3.wav,eight,56eb74ae
eight/56eb74ae_nohash_0.wav,eight,56eb74ae
eight/ddedba85_nohash_7.wav,eight,ddedba85
eight/ddedba85_nohash_12.wav,eight,ddedba85
eight/ddedba85_nohash_0.wav,eight,ddedba85
eight/ddedba85_nohash_4.wav,eight,ddedba85
eight/ddedba85_nohash_2.wav,eight,ddedba85
eight/893705bb_nohash_10.wav,eight,893705bb
eight/893705bb_nohash_8.wav,eight,893705bb
eight/893705bb_nohash_5.wav,eight,893705bb
eight/893705bb_nohash_2.wav,eight,893705bb
eight/893705bb_nohash_13.wav,eight,893705bb
eight/b66f4f93_nohash_3.wav,eight,b66f4f93
eight/b66f4f93_nohash_2.wav,eight,b66f4f93
eight/b66f4f93_nohash_6.wav,eight,b66f4f93
eight/b66f4f93_nohash_8.wav,eight,b66f4f93
eight/b66f4f93_nohash_1.wav,eight,b66f4f93
eight/fa57ab3b_nohash_1.wav,eight,fa57ab3b
eight/fa57ab3b_nohash_0.wav,eight,fa57ab3b
eight/fa57ab3b_nohash_2.wav,eight,fa57ab3b
eight/fa57ab3b_nohash_4.wav,eight,fa57ab3b
eight/fa57ab3b_nohash_3.wav,eight,fa57ab3b
eight/c22d3f18_nohash_0.wav,eight,c22d3f18
eight/c22d3f18_nohash_1.wav,eight,c22d3f18
eight/c22d3f18_nohash_3.wav,eight,c22d3f18
eight/c22d3f18_nohash_2.wav,eight,c22d3f18
eight/c22d3f18_nohash_4.wav,eight,c22d3f18
eight/324210dd_nohash_1.wav,eight,324210dd
eight/324210dd_nohash_3.wav,eight,324210dd
eight/324210dd_nohash_0.wav,eight,324210dd
eight/324210dd_nohash_5.wav,eight,324210dd
eight/324210dd_nohash_4.wav,eight,324210dd
eight/24befdb3_nohash_3.wav,eight,24befdb3
eight/24befdb3_nohash_2.wav,eight,24befdb3
eight/24befdb3_nohash_4.wav,eight,24befdb3
eight/24befdb3_nohash_1.wav,eight,24befdb3
eight/24befdb3_nohash_0.wav,eight,24befdb3
eight/b5cf6ea8_nohash_0.wav,eight,b5cf6ea8
eight/b5cf6ea8_nohash_4.wav,eight,b5cf6ea8
eight/b5cf6ea8_nohash_2.wav,eight,b5cf6ea8
eight/b5cf6ea8_nohash_3.wav,eight,b5cf6ea8
eight/b5cf6ea8_nohash_1.wav,eight,b5cf6ea8
eight/28e47b1a_nohash_1.wav,eight,28e47b1a
eight/28e47b1a_nohash_2.wav,eight,28e47b1a
eight/28e47b1a_nohash_0.wav,eight,28e47b1a
eight/28e47b1a_nohash_4.wav,eight,28e47b1a
eight/28e47b1a_nohash_3.wav,eight,28e47b1a
eight/cd7f8c1b_nohash_3.wav,eight,cd7f8c1b
eight/cd7f8c1b_nohash_4.wav,eight,cd7f8c1b
eight/cd7f8c1b_nohash_2.wav,eight,cd7f8c1b
eight/cd7f8c1b_nohash_1.wav,eight,cd7f8c1b
eight/cd7f8c1b_nohash_0.wav,eight,cd7f8c1b
eight/21832144_nohash_4.wav,eight,21832144
eight/21832144_nohash_1.wav,eight,21832144
eight/21832144_nohash_2.wav,eight,21832144
eight/21832144_nohash_0.wav,eight,21832144
eight/21832144_nohash_3.wav,eight,21832144
eight/72242187_nohash_3.wav,eight,72242187
eight/72242187_nohash_1.wav,eight,72242187
eight/72242187_nohash_4.wav,eight,72242187
eight/72242187_nohash_2.wav,eight,72242187
eight/72242187_nohash_0.wav,eight,72242187
eight/5b09db89_nohash_2.wav,eight,5b09db89
eight/5b09db89_nohash_0.wav,eight,5b09db89
eight/5b09db89_nohash_3.wav,eight,5b09db89
eight/5b09db89_nohash_4.wav,eight,5b09db89
eight/5b09db89_nohash_1.wav,eight,5b09db89
eight/c1d39ce8_nohash_3.wav,eight,c1d39ce8
eight/c1d39ce8_nohash_5.wav,eight,c1d39ce8
eight/c1d39ce8_nohash_0.wav,eight,c1d39ce8
eight/c1d39ce8_nohash_6.wav,eight,c1d39ce8
eight/c1d39ce8_nohash_2.wav,eight,c1d39ce8
eight/179a61b7_nohash_2.wav,eight,179a61b7
eight/179a61b7_nohash_4.wav,eight,179a61b7
eight/179a61b7_nohash_3.wav,eight,179a61b7
eight/179a61b7_nohash_0.wav,eight,179a61b7
eight/179a61b7_nohash_1.wav,eight,179a61b7
eight/229978fd_nohash_0.wav,eight,229978fd
eight/229978fd_nohash_1.wav,eight,229978fd
eight/229978fd_nohash_3.wav,eight,229978fd
eight/229978fd_nohash_2.wav,eight,229978fd
eight/229978fd_nohash_4.wav,eight,229978fd
eight/ef3367d9_nohash_3.wav,eight,ef3367d9
eight/ef3367d9_nohash_4.wav,eight,ef3367d9
eight/ef3367d9_nohash_2.wav,eight,ef3367d9
eight/ef3367d9_nohash_6.wav,eight,ef3367d9
eight/ef3367d9_nohash_0.wav,eight,ef3367d9
eight/f822b9bf_nohash_1.wav,eight,f822b9bf
eight/f822b9bf_nohash_0.wav,eight,f822b9bf
eight/f822b9bf_nohash_4.wav,eight,f822b9bf
eight/f822b9bf_nohash_2.wav,eight,f822b9bf
eight/f822b9bf_nohash_3.wav,eight,f822b9bf
eight/eb0676ec_nohash_2.wav,eight,eb0676ec
eight/eb0676ec_nohash_1.wav,eight,eb0676ec
eight/eb0676ec_nohash_3.wav,eight,eb0676ec
eight/eb0676ec_nohash_4.wav,eight,eb0676ec
eight/eb0676ec_nohash_0.wav,eight,eb0676ec
eight/4c6167ca_nohash_3.wav,eight,4c6167ca
eight/4c6167ca_nohash_7.wav,eight,4c6167ca
eight/4c6167ca_nohash_5.wav,eight,4c6167ca
eight/4c6167ca_nohash_2.wav,eight,4c6167ca
eight/4c6167ca_nohash_8.wav,eight,4c6167ca
